-- Catalogue de DÉMONSTRATION Deal Lomé — généré automatiquement.
-- Nettoyage complet : DELETE FROM users WHERE firebase_uid LIKE 'demo-seller-%';
BEGIN;
DELETE FROM users WHERE firebase_uid LIKE 'demo-seller-%';
INSERT INTO users (id, firebase_uid, email, full_name, status) VALUES ('5559d10d-a32d-4991-ac4c-34a3a0c27f18', 'demo-seller-1', 'demo-seller-1@deallome.demo', 'Wax & Style Assigamé', 'active');
INSERT INTO seller_profiles (id, user_id, shop_name, shop_description, city, district, contact_phone, id_document_path, status, reviewed_at) VALUES ('d1220433-bde8-48b1-b33f-ee5571b5d4a3', '5559d10d-a32d-4991-ac4c-34a3a0c27f18', 'Wax & Style Assigamé', 'Tissus wax, tenues cousues main et accessoires du Grand Marché de Lomé.', 'Lomé', 'Assigamé', '+22890110001', 'demo/aucun', 'approved', now());
INSERT INTO users (id, firebase_uid, email, full_name, status) VALUES ('e057271b-c1e9-408f-8fb8-212ff78978de', 'demo-seller-2', 'demo-seller-2@deallome.demo', 'Lomé Tech Store', 'active');
INSERT INTO seller_profiles (id, user_id, shop_name, shop_description, city, district, contact_phone, id_document_path, status, reviewed_at) VALUES ('78268a4a-af28-48ec-b396-03632b2e5807', 'e057271b-c1e9-408f-8fb8-212ff78978de', 'Lomé Tech Store', 'Téléphones, accessoires et électronique garantis, au meilleur prix de Bè.', 'Lomé', 'Bè', '+22890110002', 'demo/aucun', 'approved', now());
INSERT INTO users (id, firebase_uid, email, full_name, status) VALUES ('24f4a598-af9f-4017-b66d-a40f79d8db3f', 'demo-seller-3', 'demo-seller-3@deallome.demo', 'Chez Mama Afi', 'active');
INSERT INTO seller_profiles (id, user_id, shop_name, shop_description, city, district, contact_phone, id_document_path, status, reviewed_at) VALUES ('878e44d6-28ee-4763-be10-828c012a5177', '24f4a598-af9f-4017-b66d-a40f79d8db3f', 'Chez Mama Afi', 'Épicerie de quartier : riz, gari, huile rouge et produits frais de Tokoin.', 'Lomé', 'Tokoin', '+22890110003', 'demo/aucun', 'approved', now());
INSERT INTO users (id, firebase_uid, email, full_name, status) VALUES ('4f1147c6-9603-4157-8647-9e69685f38dc', 'demo-seller-4', 'demo-seller-4@deallome.demo', 'Maison Douce Lomé', 'active');
INSERT INTO seller_profiles (id, user_id, shop_name, shop_description, city, district, contact_phone, id_document_path, status, reviewed_at) VALUES ('c31fa6dd-d79a-4d90-9bd6-3a3096edc6a4', '4f1147c6-9603-4157-8647-9e69685f38dc', 'Maison Douce Lomé', 'Meubles, électroménager et cosmétiques naturels pour la maison, à Adidogomé.', 'Lomé', 'Adidogomé', '+22890110004', 'demo/aucun', 'approved', now());
INSERT INTO users (id, firebase_uid, email, full_name, status) VALUES ('be0b877c-758f-441f-a366-47f838ae9df3', 'demo-seller-5', 'demo-seller-5@deallome.demo', 'Sport & Go Togo', 'active');
INSERT INTO seller_profiles (id, user_id, shop_name, shop_description, city, district, contact_phone, id_document_path, status, reviewed_at) VALUES ('5f9afb46-feec-4b9b-8b6f-caa63a4f2237', 'be0b877c-758f-441f-a366-47f838ae9df3', 'Sport & Go Togo', 'Équipement sportif, vélos et accessoires moto à Agbalépédogan.', 'Lomé', 'Agbalépédogan', '+22890110005', 'demo/aucun', 'approved', now());
INSERT INTO products (id, seller_id, category_id, title, description, origin_country, price_fcfa, wholesale_price_fcfa, wholesale_min_qty, promo_price_fcfa, promo_ends_at, stock, min_order_qty, status) VALUES ('ef34c477-67ba-4dde-b0be-5345014afdb7', 'd1220433-bde8-48b1-b33f-ee5571b5d4a3', (SELECT id FROM categories WHERE slug = 'tissus-pagnes'), 'Pagne wax 6 yards « Soleil de Lomé »', 'Véritable wax hollandais 6 yards, motifs éclatants. Idéal pour tenues de cérémonie ou couture sur mesure.', 'Ghana', 18500, 15500, 10, 14800, now() + interval '4 days', 40, 1, 'published');
INSERT INTO product_images (product_id, path, url, position) VALUES ('ef34c477-67ba-4dde-b0be-5345014afdb7', 'demo/1528459801416-a9e53bbf4e17', 'https://images.unsplash.com/photo-1528459801416-a9e53bbf4e17?auto=format&fit=crop&w=800&q=70', 0);
INSERT INTO product_images (product_id, path, url, position) VALUES ('ef34c477-67ba-4dde-b0be-5345014afdb7', 'demo/1523381210434-271e8be1f52b', 'https://images.unsplash.com/photo-1523381210434-271e8be1f52b?auto=format&fit=crop&w=800&q=70', 1);
INSERT INTO products (id, seller_id, category_id, title, description, origin_country, price_fcfa, wholesale_price_fcfa, wholesale_min_qty, promo_price_fcfa, promo_ends_at, stock, min_order_qty, status) VALUES ('60ec6c6f-37dd-4b90-a87c-1ed7b42c1b2a', 'd1220433-bde8-48b1-b33f-ee5571b5d4a3', (SELECT id FROM categories WHERE slug = 'vetements-femme'), 'Robe en wax cousue main', 'Robe cintrée en wax, coupe moderne cousue par nos couturières d''Assigamé. Tailles S à XL.', 'Togo', 17500, NULL, NULL, NULL, NULL, 12, 1, 'published');
INSERT INTO product_images (product_id, path, url, position) VALUES ('60ec6c6f-37dd-4b90-a87c-1ed7b42c1b2a', 'demo/1595777457583-95e059d581b8', 'https://images.unsplash.com/photo-1595777457583-95e059d581b8?auto=format&fit=crop&w=800&q=70', 0);
INSERT INTO product_images (product_id, path, url, position) VALUES ('60ec6c6f-37dd-4b90-a87c-1ed7b42c1b2a', 'demo/1572804013309-59a88b7e92f1', 'https://images.unsplash.com/photo-1572804013309-59a88b7e92f1?auto=format&fit=crop&w=800&q=70', 1);
INSERT INTO products (id, seller_id, category_id, title, description, origin_country, price_fcfa, wholesale_price_fcfa, wholesale_min_qty, promo_price_fcfa, promo_ends_at, stock, min_order_qty, status) VALUES ('285ebdfe-2ae1-404c-ae35-c4f2014c86f3', 'd1220433-bde8-48b1-b33f-ee5571b5d4a3', (SELECT id FROM categories WHERE slug = 'vetements-homme'), 'Chemise homme en wax', 'Chemise manches courtes en wax coton, doublure légère — élégance togolaise au bureau comme en ville.', 'Togo', 12000, 10000, 5, NULL, NULL, 20, 1, 'published');
INSERT INTO product_images (product_id, path, url, position) VALUES ('285ebdfe-2ae1-404c-ae35-c4f2014c86f3', 'demo/1602810318383-e386cc2a3ccf', 'https://images.unsplash.com/photo-1602810318383-e386cc2a3ccf?auto=format&fit=crop&w=800&q=70', 0);
INSERT INTO product_images (product_id, path, url, position) VALUES ('285ebdfe-2ae1-404c-ae35-c4f2014c86f3', 'demo/1596755094514-f87e34085b2c', 'https://images.unsplash.com/photo-1596755094514-f87e34085b2c?auto=format&fit=crop&w=800&q=70', 1);
INSERT INTO products (id, seller_id, category_id, title, description, origin_country, price_fcfa, wholesale_price_fcfa, wholesale_min_qty, promo_price_fcfa, promo_ends_at, stock, min_order_qty, status) VALUES ('00733a58-07b0-4ff1-8e86-9e3eeee91706', 'd1220433-bde8-48b1-b33f-ee5571b5d4a3', (SELECT id FROM categories WHERE slug = 'sacs-accessoires'), 'Sac à main perlé artisanal', 'Sac à main tissé et perlé à la main, doublure tissu, anses renforcées.', 'Togo', 9500, NULL, NULL, NULL, NULL, 15, 1, 'published');
INSERT INTO product_images (product_id, path, url, position) VALUES ('00733a58-07b0-4ff1-8e86-9e3eeee91706', 'demo/1584917865442-de89df76afd3', 'https://images.unsplash.com/photo-1584917865442-de89df76afd3?auto=format&fit=crop&w=800&q=70', 0);
INSERT INTO product_images (product_id, path, url, position) VALUES ('00733a58-07b0-4ff1-8e86-9e3eeee91706', 'demo/1566150905458-1bf1fc113f0d', 'https://images.unsplash.com/photo-1566150905458-1bf1fc113f0d?auto=format&fit=crop&w=800&q=70', 1);
INSERT INTO products (id, seller_id, category_id, title, description, origin_country, price_fcfa, wholesale_price_fcfa, wholesale_min_qty, promo_price_fcfa, promo_ends_at, stock, min_order_qty, status) VALUES ('2f345c9e-3a21-499c-bac5-925473396f5f', 'd1220433-bde8-48b1-b33f-ee5571b5d4a3', (SELECT id FROM categories WHERE slug = 'chaussures'), 'Sandales en cuir artisanales', 'Sandales en cuir véritable cousues main, semelle antidérapante. Pointures 38-45.', 'Togo', 7500, 6500, 6, NULL, NULL, 25, 1, 'published');
INSERT INTO product_images (product_id, path, url, position) VALUES ('2f345c9e-3a21-499c-bac5-925473396f5f', 'demo/1603487742131-4160ec999306', 'https://images.unsplash.com/photo-1603487742131-4160ec999306?auto=format&fit=crop&w=800&q=70', 0);
INSERT INTO product_images (product_id, path, url, position) VALUES ('2f345c9e-3a21-499c-bac5-925473396f5f', 'demo/1560343090-f0409e92791a', 'https://images.unsplash.com/photo-1560343090-f0409e92791a?auto=format&fit=crop&w=800&q=70', 1);
INSERT INTO products (id, seller_id, category_id, title, description, origin_country, price_fcfa, wholesale_price_fcfa, wholesale_min_qty, promo_price_fcfa, promo_ends_at, stock, min_order_qty, status) VALUES ('32b44a33-7958-4fb5-beb7-15be163f62d0', 'd1220433-bde8-48b1-b33f-ee5571b5d4a3', (SELECT id FROM categories WHERE slug = 'vetements-homme'), 'T-shirt coton premium uni', 'T-shirt 100 % coton peigné 180 g, coupe droite. Blanc, noir ou bleu nuit.', 'Chine', 3500, 2800, 12, NULL, NULL, 60, 1, 'published');
INSERT INTO product_images (product_id, path, url, position) VALUES ('32b44a33-7958-4fb5-beb7-15be163f62d0', 'demo/1521572163474-6864f9cf17ab', 'https://images.unsplash.com/photo-1521572163474-6864f9cf17ab?auto=format&fit=crop&w=800&q=70', 0);
INSERT INTO products (id, seller_id, category_id, title, description, origin_country, price_fcfa, wholesale_price_fcfa, wholesale_min_qty, promo_price_fcfa, promo_ends_at, stock, min_order_qty, status) VALUES ('c4099e1c-4365-4db7-be14-b359adcd7286', '78268a4a-af28-48ec-b396-03632b2e5807', (SELECT id FROM categories WHERE slug = 'telephones-tablettes'), 'Smartphone Android 6,6" 128 Go', 'Écran 6,6" HD+, 128 Go de stockage, double SIM 4G, batterie 5000 mAh. Garantie boutique 6 mois.', 'Chine', 85000, 79000, 5, 72300, now() + interval '3 days', 18, 1, 'published');
INSERT INTO product_images (product_id, path, url, position) VALUES ('c4099e1c-4365-4db7-be14-b359adcd7286', 'demo/1511707171634-5f897ff02aa9', 'https://images.unsplash.com/photo-1511707171634-5f897ff02aa9?auto=format&fit=crop&w=800&q=70', 0);
INSERT INTO product_images (product_id, path, url, position) VALUES ('c4099e1c-4365-4db7-be14-b359adcd7286', 'demo/1592750475338-74b7b21085ab', 'https://images.unsplash.com/photo-1592750475338-74b7b21085ab?auto=format&fit=crop&w=800&q=70', 1);
INSERT INTO product_images (product_id, path, url, position) VALUES ('c4099e1c-4365-4db7-be14-b359adcd7286', 'demo/1601784551446-20c9e07cdbdb', 'https://images.unsplash.com/photo-1601784551446-20c9e07cdbdb?auto=format&fit=crop&w=800&q=70', 2);
INSERT INTO products (id, seller_id, category_id, title, description, origin_country, price_fcfa, wholesale_price_fcfa, wholesale_min_qty, promo_price_fcfa, promo_ends_at, stock, min_order_qty, status) VALUES ('c99e71fe-30eb-41b7-be18-67ee37ddd24a', '78268a4a-af28-48ec-b396-03632b2e5807', (SELECT id FROM categories WHERE slug = 'accessoires-electroniques'), 'Écouteurs Bluetooth sans fil', 'Écouteurs intra-auriculaires Bluetooth 5.3, boîtier de charge, autonomie 24 h, micro intégré.', 'Chine', 12500, 10500, 6, 8800, now() + interval '2 days', 35, 1, 'published');
INSERT INTO product_images (product_id, path, url, position) VALUES ('c99e71fe-30eb-41b7-be18-67ee37ddd24a', 'demo/1590658268037-6bf12165a8df', 'https://images.unsplash.com/photo-1590658268037-6bf12165a8df?auto=format&fit=crop&w=800&q=70', 0);
INSERT INTO product_images (product_id, path, url, position) VALUES ('c99e71fe-30eb-41b7-be18-67ee37ddd24a', 'demo/1606220945770-b5b6c2c55bf1', 'https://images.unsplash.com/photo-1606220945770-b5b6c2c55bf1?auto=format&fit=crop&w=800&q=70', 1);
INSERT INTO products (id, seller_id, category_id, title, description, origin_country, price_fcfa, wholesale_price_fcfa, wholesale_min_qty, promo_price_fcfa, promo_ends_at, stock, min_order_qty, status) VALUES ('8e5f2493-21a2-4bcc-ad6f-c712966cedbf', '78268a4a-af28-48ec-b396-03632b2e5807', (SELECT id FROM categories WHERE slug = 'accessoires-electroniques'), 'Casque audio à réduction de bruit', 'Casque circum-aural Bluetooth, réduction de bruit active, 30 h d''autonomie, pliable.', 'Chine', 22000, NULL, NULL, NULL, NULL, 14, 1, 'published');
INSERT INTO product_images (product_id, path, url, position) VALUES ('8e5f2493-21a2-4bcc-ad6f-c712966cedbf', 'demo/1505740420928-5e560c06d30e', 'https://images.unsplash.com/photo-1505740420928-5e560c06d30e?auto=format&fit=crop&w=800&q=70', 0);
INSERT INTO product_images (product_id, path, url, position) VALUES ('8e5f2493-21a2-4bcc-ad6f-c712966cedbf', 'demo/1546435770-a3e426bf472b', 'https://images.unsplash.com/photo-1546435770-a3e426bf472b?auto=format&fit=crop&w=800&q=70', 1);
INSERT INTO products (id, seller_id, category_id, title, description, origin_country, price_fcfa, wholesale_price_fcfa, wholesale_min_qty, promo_price_fcfa, promo_ends_at, stock, min_order_qty, status) VALUES ('79b59d32-8681-4160-8913-546adc07a11a', '78268a4a-af28-48ec-b396-03632b2e5807', (SELECT id FROM categories WHERE slug = 'accessoires-electroniques'), 'Montre connectée sport', 'Écran AMOLED 1,43", suivi cardio/sommeil, notifications, étanche 5 ATM, bracelet silicone.', 'Chine', 28500, NULL, NULL, 18500, now() + interval '1 days', 10, 1, 'published');
INSERT INTO product_images (product_id, path, url, position) VALUES ('79b59d32-8681-4160-8913-546adc07a11a', 'demo/1523275335684-37898b6baf30', 'https://images.unsplash.com/photo-1523275335684-37898b6baf30?auto=format&fit=crop&w=800&q=70', 0);
INSERT INTO product_images (product_id, path, url, position) VALUES ('79b59d32-8681-4160-8913-546adc07a11a', 'demo/1546868871-7041f2a55e12', 'https://images.unsplash.com/photo-1546868871-7041f2a55e12?auto=format&fit=crop&w=800&q=70', 1);
INSERT INTO products (id, seller_id, category_id, title, description, origin_country, price_fcfa, wholesale_price_fcfa, wholesale_min_qty, promo_price_fcfa, promo_ends_at, stock, min_order_qty, status) VALUES ('d7d66406-c328-4a1b-9127-328a737cec96', '78268a4a-af28-48ec-b396-03632b2e5807', (SELECT id FROM categories WHERE slug = 'accessoires-electroniques'), 'Power bank 20 000 mAh', 'Batterie externe charge rapide 22,5 W, double sortie USB + USB-C, écran de charge LED.', 'Chine', 15000, 12500, 5, NULL, NULL, 30, 1, 'published');
INSERT INTO product_images (product_id, path, url, position) VALUES ('d7d66406-c328-4a1b-9127-328a737cec96', 'demo/1609091839311-d5365f9ff1c5', 'https://images.unsplash.com/photo-1609091839311-d5365f9ff1c5?auto=format&fit=crop&w=800&q=70', 0);
INSERT INTO product_images (product_id, path, url, position) VALUES ('d7d66406-c328-4a1b-9127-328a737cec96', 'demo/1583863788434-e58a36330cf0', 'https://images.unsplash.com/photo-1583863788434-e58a36330cf0?auto=format&fit=crop&w=800&q=70', 1);
INSERT INTO products (id, seller_id, category_id, title, description, origin_country, price_fcfa, wholesale_price_fcfa, wholesale_min_qty, promo_price_fcfa, promo_ends_at, stock, min_order_qty, status) VALUES ('e469d9c8-2686-42e7-8a62-50c0b9917122', '78268a4a-af28-48ec-b396-03632b2e5807', (SELECT id FROM categories WHERE slug = 'tv-audio'), 'TV LED 32" HD', 'Téléviseur LED 32 pouces HD, 2 ports HDMI, tuner TNT intégré. Livraison et installation à Lomé.', 'Chine', 95000, NULL, NULL, NULL, NULL, 8, 1, 'published');
INSERT INTO product_images (product_id, path, url, position) VALUES ('e469d9c8-2686-42e7-8a62-50c0b9917122', 'demo/1593359677879-a4bb92f829d1', 'https://images.unsplash.com/photo-1593359677879-a4bb92f829d1?auto=format&fit=crop&w=800&q=70', 0);
INSERT INTO product_images (product_id, path, url, position) VALUES ('e469d9c8-2686-42e7-8a62-50c0b9917122', 'demo/1461151304267-38535e780c79', 'https://images.unsplash.com/photo-1461151304267-38535e780c79?auto=format&fit=crop&w=800&q=70', 1);
INSERT INTO products (id, seller_id, category_id, title, description, origin_country, price_fcfa, wholesale_price_fcfa, wholesale_min_qty, promo_price_fcfa, promo_ends_at, stock, min_order_qty, status) VALUES ('d30406b1-dc4e-4d10-ad05-aee96e73b473', '78268a4a-af28-48ec-b396-03632b2e5807', (SELECT id FROM categories WHERE slug = 'ordinateurs'), 'Ordinateur portable 15,6" 8 Go/256 Go', 'PC portable 15,6" FHD, 8 Go RAM, SSD 256 Go, Windows 11 — parfait bureautique et études.', 'Chine', 265000, NULL, NULL, NULL, NULL, 6, 1, 'published');
INSERT INTO product_images (product_id, path, url, position) VALUES ('d30406b1-dc4e-4d10-ad05-aee96e73b473', 'demo/1496181133206-80ce9b88a853', 'https://images.unsplash.com/photo-1496181133206-80ce9b88a853?auto=format&fit=crop&w=800&q=70', 0);
INSERT INTO product_images (product_id, path, url, position) VALUES ('d30406b1-dc4e-4d10-ad05-aee96e73b473', 'demo/1517336714731-489689fd1ca8', 'https://images.unsplash.com/photo-1517336714731-489689fd1ca8?auto=format&fit=crop&w=800&q=70', 1);
INSERT INTO products (id, seller_id, category_id, title, description, origin_country, price_fcfa, wholesale_price_fcfa, wholesale_min_qty, promo_price_fcfa, promo_ends_at, stock, min_order_qty, status) VALUES ('d3566dfb-f0d1-4f2c-a99b-3ab502704603', '878e44d6-28ee-4763-be10-828c012a5177', (SELECT id FROM categories WHERE slug = 'epicerie'), 'Riz parfumé sac 25 kg', 'Riz long grain parfumé, sac de 25 kg. Prix de gros dès 5 sacs — livraison palette possible.', 'Thaïlande', 18000, 16500, 5, NULL, NULL, 50, 1, 'published');
INSERT INTO product_images (product_id, path, url, position) VALUES ('d3566dfb-f0d1-4f2c-a99b-3ab502704603', 'demo/1586201375761-83865001e31c', 'https://images.unsplash.com/photo-1586201375761-83865001e31c?auto=format&fit=crop&w=800&q=70', 0);
INSERT INTO product_images (product_id, path, url, position) VALUES ('d3566dfb-f0d1-4f2c-a99b-3ab502704603', 'demo/1536304993881-ff6e9eefa2a6', 'https://images.unsplash.com/photo-1536304993881-ff6e9eefa2a6?auto=format&fit=crop&w=800&q=70', 1);
INSERT INTO products (id, seller_id, category_id, title, description, origin_country, price_fcfa, wholesale_price_fcfa, wholesale_min_qty, promo_price_fcfa, promo_ends_at, stock, min_order_qty, status) VALUES ('7d9fe910-f756-4151-84ec-0aed7fd80c70', '878e44d6-28ee-4763-be10-828c012a5177', (SELECT id FROM categories WHERE slug = 'epicerie'), 'Gari fin de Kpalimé 5 kg', 'Gari blanc extra-fin préparé artisanalement à Kpalimé, sachet hermétique de 5 kg.', 'Togo', 3500, 3000, 10, NULL, NULL, 45, 1, 'published');
INSERT INTO product_images (product_id, path, url, position) VALUES ('7d9fe910-f756-4151-84ec-0aed7fd80c70', 'demo/1509440159596-0249088772ff', 'https://images.unsplash.com/photo-1509440159596-0249088772ff?auto=format&fit=crop&w=800&q=70', 0);
INSERT INTO product_images (product_id, path, url, position) VALUES ('7d9fe910-f756-4151-84ec-0aed7fd80c70', 'demo/1595475207225-428b62bda831', 'https://images.unsplash.com/photo-1595475207225-428b62bda831?auto=format&fit=crop&w=800&q=70', 1);
INSERT INTO products (id, seller_id, category_id, title, description, origin_country, price_fcfa, wholesale_price_fcfa, wholesale_min_qty, promo_price_fcfa, promo_ends_at, stock, min_order_qty, status) VALUES ('8e4761b5-2abc-4342-b852-537ea41089ed', '878e44d6-28ee-4763-be10-828c012a5177', (SELECT id FROM categories WHERE slug = 'epicerie'), 'Huile rouge de palme 5 L', 'Huile de palme rouge naturelle du Togo, bidon de 5 litres, pressée artisanalement.', 'Togo', 6500, 5800, 6, NULL, NULL, 30, 1, 'published');
INSERT INTO product_images (product_id, path, url, position) VALUES ('8e4761b5-2abc-4342-b852-537ea41089ed', 'demo/1474979266404-7eaacbcd87c5', 'https://images.unsplash.com/photo-1474979266404-7eaacbcd87c5?auto=format&fit=crop&w=800&q=70', 0);
INSERT INTO product_images (product_id, path, url, position) VALUES ('8e4761b5-2abc-4342-b852-537ea41089ed', 'demo/1531945086322-64e2ffae14a6', 'https://images.unsplash.com/photo-1531945086322-64e2ffae14a6?auto=format&fit=crop&w=800&q=70', 1);
INSERT INTO products (id, seller_id, category_id, title, description, origin_country, price_fcfa, wholesale_price_fcfa, wholesale_min_qty, promo_price_fcfa, promo_ends_at, stock, min_order_qty, status) VALUES ('d489b3f0-53b3-48d3-967f-d9d0c2363934', '878e44d6-28ee-4763-be10-828c012a5177', (SELECT id FROM categories WHERE slug = 'epicerie'), 'Piment moulu & épices 500 g', 'Mélange maison : piment fort séché, gingembre, ail et épices moulus. Sachet 500 g.', 'Togo', 2000, NULL, NULL, NULL, NULL, 60, 1, 'published');
INSERT INTO product_images (product_id, path, url, position) VALUES ('d489b3f0-53b3-48d3-967f-d9d0c2363934', 'demo/1596040033229-a9821ebd058d', 'https://images.unsplash.com/photo-1596040033229-a9821ebd058d?auto=format&fit=crop&w=800&q=70', 0);
INSERT INTO product_images (product_id, path, url, position) VALUES ('d489b3f0-53b3-48d3-967f-d9d0c2363934', 'demo/1509358271058-acd22cc93898', 'https://images.unsplash.com/photo-1509358271058-acd22cc93898?auto=format&fit=crop&w=800&q=70', 1);
INSERT INTO products (id, seller_id, category_id, title, description, origin_country, price_fcfa, wholesale_price_fcfa, wholesale_min_qty, promo_price_fcfa, promo_ends_at, stock, min_order_qty, status) VALUES ('6b1b742a-1193-4641-be60-761d50ba21e9', '878e44d6-28ee-4763-be10-828c012a5177', (SELECT id FROM categories WHERE slug = 'epicerie'), 'Miel naturel des plateaux 1 L', 'Miel pur récolté sur les plateaux de Danyi, non chauffé, non filtré. Pot d''un litre.', 'Togo', 4500, NULL, NULL, NULL, NULL, 20, 1, 'published');
INSERT INTO product_images (product_id, path, url, position) VALUES ('6b1b742a-1193-4641-be60-761d50ba21e9', 'demo/1587049352846-4a222e784d38', 'https://images.unsplash.com/photo-1587049352846-4a222e784d38?auto=format&fit=crop&w=800&q=70', 0);
INSERT INTO product_images (product_id, path, url, position) VALUES ('6b1b742a-1193-4641-be60-761d50ba21e9', 'demo/1558642452-9d2a7deb7f62', 'https://images.unsplash.com/photo-1558642452-9d2a7deb7f62?auto=format&fit=crop&w=800&q=70', 1);
INSERT INTO products (id, seller_id, category_id, title, description, origin_country, price_fcfa, wholesale_price_fcfa, wholesale_min_qty, promo_price_fcfa, promo_ends_at, stock, min_order_qty, status) VALUES ('852621e1-3baa-4b85-ac38-a2f66c3b9d28', '878e44d6-28ee-4763-be10-828c012a5177', (SELECT id FROM categories WHERE slug = 'boissons'), 'Jus de bissap frais — pack de 6', 'Jus d''hibiscus maison légèrement gingembré, bouteilles de 50 cl. Pack de 6, à garder au frais.', 'Togo', 3000, 2500, 4, NULL, NULL, 25, 1, 'published');
INSERT INTO product_images (product_id, path, url, position) VALUES ('852621e1-3baa-4b85-ac38-a2f66c3b9d28', 'demo/1544145945-f90425340c7e', 'https://images.unsplash.com/photo-1544145945-f90425340c7e?auto=format&fit=crop&w=800&q=70', 0);
INSERT INTO product_images (product_id, path, url, position) VALUES ('852621e1-3baa-4b85-ac38-a2f66c3b9d28', 'demo/1600271886742-f049cd451bba', 'https://images.unsplash.com/photo-1600271886742-f049cd451bba?auto=format&fit=crop&w=800&q=70', 1);
INSERT INTO products (id, seller_id, category_id, title, description, origin_country, price_fcfa, wholesale_price_fcfa, wholesale_min_qty, promo_price_fcfa, promo_ends_at, stock, min_order_qty, status) VALUES ('e2d32de5-e9c3-4adf-9cdc-eaa8d0c1f8d9', 'c31fa6dd-d79a-4d90-9bd6-3a3096edc6a4', (SELECT id FROM categories WHERE slug = 'meubles'), 'Canapé 3 places tissu', 'Canapé 3 places structure bois massif, coussins déhoussables, tissu anti-taches. Fabriqué à Lomé.', 'Togo', 185000, NULL, NULL, NULL, NULL, 4, 1, 'published');
INSERT INTO product_images (product_id, path, url, position) VALUES ('e2d32de5-e9c3-4adf-9cdc-eaa8d0c1f8d9', 'demo/1555041469-a586c61ea9bc', 'https://images.unsplash.com/photo-1555041469-a586c61ea9bc?auto=format&fit=crop&w=800&q=70', 0);
INSERT INTO product_images (product_id, path, url, position) VALUES ('e2d32de5-e9c3-4adf-9cdc-eaa8d0c1f8d9', 'demo/1567538096630-e0c55bd6374c', 'https://images.unsplash.com/photo-1567538096630-e0c55bd6374c?auto=format&fit=crop&w=800&q=70', 1);
INSERT INTO products (id, seller_id, category_id, title, description, origin_country, price_fcfa, wholesale_price_fcfa, wholesale_min_qty, promo_price_fcfa, promo_ends_at, stock, min_order_qty, status) VALUES ('8e4ea85f-0443-4e06-8193-285befd245ac', 'c31fa6dd-d79a-4d90-9bd6-3a3096edc6a4', (SELECT id FROM categories WHERE slug = 'decoration'), 'Lampe de table en raphia', 'Lampe artisanale, abat-jour en raphia tressé, pied bois. Lumière chaude, douille E27.', 'Togo', 14500, NULL, NULL, NULL, NULL, 12, 1, 'published');
INSERT INTO product_images (product_id, path, url, position) VALUES ('8e4ea85f-0443-4e06-8193-285befd245ac', 'demo/1507473885765-e6ed057f782c', 'https://images.unsplash.com/photo-1507473885765-e6ed057f782c?auto=format&fit=crop&w=800&q=70', 0);
INSERT INTO product_images (product_id, path, url, position) VALUES ('8e4ea85f-0443-4e06-8193-285befd245ac', 'demo/1513506003901-1e6a229e2d15', 'https://images.unsplash.com/photo-1513506003901-1e6a229e2d15?auto=format&fit=crop&w=800&q=70', 1);
INSERT INTO products (id, seller_id, category_id, title, description, origin_country, price_fcfa, wholesale_price_fcfa, wholesale_min_qty, promo_price_fcfa, promo_ends_at, stock, min_order_qty, status) VALUES ('b1309399-c832-4253-8571-ef42f8dead48', 'c31fa6dd-d79a-4d90-9bd6-3a3096edc6a4', (SELECT id FROM categories WHERE slug = 'ustensiles-cuisine'), 'Batterie de cuisine 12 pièces', 'Set de 12 pièces en inox : marmites, faitouts et poêles, fonds épais compatibles tous feux.', 'Chine', 32000, 28000, 3, NULL, NULL, 15, 1, 'published');
INSERT INTO product_images (product_id, path, url, position) VALUES ('b1309399-c832-4253-8571-ef42f8dead48', 'demo/1556911220-bff31c812dba', 'https://images.unsplash.com/photo-1556911220-bff31c812dba?auto=format&fit=crop&w=800&q=70', 0);
INSERT INTO products (id, seller_id, category_id, title, description, origin_country, price_fcfa, wholesale_price_fcfa, wholesale_min_qty, promo_price_fcfa, promo_ends_at, stock, min_order_qty, status) VALUES ('ada8ba2a-dc1c-4be4-bf53-bda15be803db', 'c31fa6dd-d79a-4d90-9bd6-3a3096edc6a4', (SELECT id FROM categories WHERE slug = 'electromenager'), 'Ventilateur sur pied 16"', 'Ventilateur oscillant 3 vitesses, hauteur réglable, grille de sécurité. Indispensable à Lomé.', 'Chine', 24000, 21000, 4, NULL, NULL, 22, 1, 'published');
INSERT INTO product_images (product_id, path, url, position) VALUES ('ada8ba2a-dc1c-4be4-bf53-bda15be803db', 'demo/1594736797933-d0501ba2fe65', 'https://images.unsplash.com/photo-1594736797933-d0501ba2fe65?auto=format&fit=crop&w=800&q=70', 0);
INSERT INTO products (id, seller_id, category_id, title, description, origin_country, price_fcfa, wholesale_price_fcfa, wholesale_min_qty, promo_price_fcfa, promo_ends_at, stock, min_order_qty, status) VALUES ('445bc054-df26-437e-9c0f-bcbdf8d1f639', 'c31fa6dd-d79a-4d90-9bd6-3a3096edc6a4', (SELECT id FROM categories WHERE slug = 'electromenager'), 'Blender 1,5 L 400 W', 'Mixeur bol verre 1,5 L, 2 vitesses + pulse, lames inox — jus, bouillies et sauces en un geste.', 'Chine', 18500, NULL, NULL, 14800, now() + interval '2 days', 16, 1, 'published');
INSERT INTO product_images (product_id, path, url, position) VALUES ('445bc054-df26-437e-9c0f-bcbdf8d1f639', 'demo/1570222094114-d054a817e56b', 'https://images.unsplash.com/photo-1570222094114-d054a817e56b?auto=format&fit=crop&w=800&q=70', 0);
INSERT INTO product_images (product_id, path, url, position) VALUES ('445bc054-df26-437e-9c0f-bcbdf8d1f639', 'demo/1622480916113-9000ac49b79d', 'https://images.unsplash.com/photo-1622480916113-9000ac49b79d?auto=format&fit=crop&w=800&q=70', 1);
INSERT INTO products (id, seller_id, category_id, title, description, origin_country, price_fcfa, wholesale_price_fcfa, wholesale_min_qty, promo_price_fcfa, promo_ends_at, stock, min_order_qty, status) VALUES ('aa397cb4-9a05-483e-bde2-8430c9172476', 'c31fa6dd-d79a-4d90-9bd6-3a3096edc6a4', (SELECT id FROM categories WHERE slug = 'cosmetiques'), 'Beurre de karité pur 500 g', 'Beurre de karité 100 % naturel des groupements de femmes de la Kara. Pot de 500 g, non raffiné.', 'Togo', 3000, 2500, 10, NULL, NULL, 50, 1, 'published');
INSERT INTO product_images (product_id, path, url, position) VALUES ('aa397cb4-9a05-483e-bde2-8430c9172476', 'demo/1556228453-efd6c1ff04f6', 'https://images.unsplash.com/photo-1556228453-efd6c1ff04f6?auto=format&fit=crop&w=800&q=70', 0);
INSERT INTO product_images (product_id, path, url, position) VALUES ('aa397cb4-9a05-483e-bde2-8430c9172476', 'demo/1608248543803-ba4f8c70ae0b', 'https://images.unsplash.com/photo-1608248543803-ba4f8c70ae0b?auto=format&fit=crop&w=800&q=70', 1);
INSERT INTO products (id, seller_id, category_id, title, description, origin_country, price_fcfa, wholesale_price_fcfa, wholesale_min_qty, promo_price_fcfa, promo_ends_at, stock, min_order_qty, status) VALUES ('6c80a7af-5d7a-4b37-907c-8d3602c23cb2', 'c31fa6dd-d79a-4d90-9bd6-3a3096edc6a4', (SELECT id FROM categories WHERE slug = 'hygiene'), 'Savon noir artisanal — lot de 3', 'Savon noir traditionnel (alata simena) aux huiles végétales, lot de 3 pains de 150 g.', 'Togo', 1500, 1200, 12, NULL, NULL, 60, 1, 'published');
INSERT INTO product_images (product_id, path, url, position) VALUES ('6c80a7af-5d7a-4b37-907c-8d3602c23cb2', 'demo/1600857544200-b2f666a9a2ec', 'https://images.unsplash.com/photo-1600857544200-b2f666a9a2ec?auto=format&fit=crop&w=800&q=70', 0);
INSERT INTO product_images (product_id, path, url, position) VALUES ('6c80a7af-5d7a-4b37-907c-8d3602c23cb2', 'demo/1607006344380-b6775a0824a7', 'https://images.unsplash.com/photo-1607006344380-b6775a0824a7?auto=format&fit=crop&w=800&q=70', 1);
INSERT INTO products (id, seller_id, category_id, title, description, origin_country, price_fcfa, wholesale_price_fcfa, wholesale_min_qty, promo_price_fcfa, promo_ends_at, stock, min_order_qty, status) VALUES ('42f21735-1965-4ba3-8698-962b822a99c0', 'c31fa6dd-d79a-4d90-9bd6-3a3096edc6a4', (SELECT id FROM categories WHERE slug = 'parfums'), 'Eau de toilette « Nuit d''Afrique » 100 ml', 'Eau de toilette boisée-ambrée, flacon 100 ml. Tenue longue durée, coffret cadeau offert.', 'France', 13500, NULL, NULL, NULL, NULL, 18, 1, 'published');
INSERT INTO product_images (product_id, path, url, position) VALUES ('42f21735-1965-4ba3-8698-962b822a99c0', 'demo/1541643600914-78b084683601', 'https://images.unsplash.com/photo-1541643600914-78b084683601?auto=format&fit=crop&w=800&q=70', 0);
INSERT INTO product_images (product_id, path, url, position) VALUES ('42f21735-1965-4ba3-8698-962b822a99c0', 'demo/1585386959984-a4155224a1ad', 'https://images.unsplash.com/photo-1585386959984-a4155224a1ad?auto=format&fit=crop&w=800&q=70', 1);
INSERT INTO products (id, seller_id, category_id, title, description, origin_country, price_fcfa, wholesale_price_fcfa, wholesale_min_qty, promo_price_fcfa, promo_ends_at, stock, min_order_qty, status) VALUES ('dc554595-b91b-4687-a2ff-f947e7411c11', '5f9afb46-feec-4b9b-8b6f-caa63a4f2237', (SELECT id FROM categories WHERE slug = 'equipement-sportif'), 'Ballon de football taille 5', 'Ballon cousu machine taille 5, vessie butyle, adapté terrains durs des quartiers.', 'Pakistan', 8500, 7000, 6, 7200, now() + interval '6 days', 30, 1, 'published');
INSERT INTO product_images (product_id, path, url, position) VALUES ('dc554595-b91b-4687-a2ff-f947e7411c11', 'demo/1579952363873-27f3bade9f55', 'https://images.unsplash.com/photo-1579952363873-27f3bade9f55?auto=format&fit=crop&w=800&q=70', 0);
INSERT INTO product_images (product_id, path, url, position) VALUES ('dc554595-b91b-4687-a2ff-f947e7411c11', 'demo/1614632537190-23e4146777db', 'https://images.unsplash.com/photo-1614632537190-23e4146777db?auto=format&fit=crop&w=800&q=70', 1);
INSERT INTO products (id, seller_id, category_id, title, description, origin_country, price_fcfa, wholesale_price_fcfa, wholesale_min_qty, promo_price_fcfa, promo_ends_at, stock, min_order_qty, status) VALUES ('acbabddf-4bda-4dc5-abd6-b846dfbe5ec3', '5f9afb46-feec-4b9b-8b6f-caa63a4f2237', (SELECT id FROM categories WHERE slug = 'equipement-sportif'), 'Baskets running homme', 'Chaussures de course légères, semelle amortissante, mesh respirant. Pointures 40-46.', 'Chine', 26000, NULL, NULL, 19500, now() + interval '5 days', 20, 1, 'published');
INSERT INTO product_images (product_id, path, url, position) VALUES ('acbabddf-4bda-4dc5-abd6-b846dfbe5ec3', 'demo/1542291026-7eec264c27ff', 'https://images.unsplash.com/photo-1542291026-7eec264c27ff?auto=format&fit=crop&w=800&q=70', 0);
INSERT INTO product_images (product_id, path, url, position) VALUES ('acbabddf-4bda-4dc5-abd6-b846dfbe5ec3', 'demo/1595950653106-6c9ebd614d3a', 'https://images.unsplash.com/photo-1595950653106-6c9ebd614d3a?auto=format&fit=crop&w=800&q=70', 1);
INSERT INTO products (id, seller_id, category_id, title, description, origin_country, price_fcfa, wholesale_price_fcfa, wholesale_min_qty, promo_price_fcfa, promo_ends_at, stock, min_order_qty, status) VALUES ('96382b0a-ba31-4ad7-85b5-cc9bf5b86325', '5f9afb46-feec-4b9b-8b6f-caa63a4f2237', (SELECT id FROM categories WHERE slug = 'equipement-sportif'), 'Vélo VTT 26" 21 vitesses', 'VTT cadre acier 26 pouces, 21 vitesses Shimano, freins V-brake, porte-bagages inclus.', 'Chine', 145000, NULL, NULL, NULL, NULL, 5, 1, 'published');
INSERT INTO product_images (product_id, path, url, position) VALUES ('96382b0a-ba31-4ad7-85b5-cc9bf5b86325', 'demo/1485965120184-e220f721d03e', 'https://images.unsplash.com/photo-1485965120184-e220f721d03e?auto=format&fit=crop&w=800&q=70', 0);
INSERT INTO product_images (product_id, path, url, position) VALUES ('96382b0a-ba31-4ad7-85b5-cc9bf5b86325', 'demo/1532298229144-0ec0c57515c7', 'https://images.unsplash.com/photo-1532298229144-0ec0c57515c7?auto=format&fit=crop&w=800&q=70', 1);
INSERT INTO products (id, seller_id, category_id, title, description, origin_country, price_fcfa, wholesale_price_fcfa, wholesale_min_qty, promo_price_fcfa, promo_ends_at, stock, min_order_qty, status) VALUES ('7c836c6b-3277-4900-8df3-e3a0a394892a', '5f9afb46-feec-4b9b-8b6f-caa63a4f2237', (SELECT id FROM categories WHERE slug = 'accessoires-moto'), 'Casque moto intégral homologué', 'Casque intégral homologué, visière anti-rayures, mousses démontables. Tailles M à XL.', 'Chine', 18000, 15500, 4, NULL, NULL, 15, 1, 'published');
INSERT INTO product_images (product_id, path, url, position) VALUES ('7c836c6b-3277-4900-8df3-e3a0a394892a', 'demo/1591637333184-19aa84b3e01f', 'https://images.unsplash.com/photo-1591637333184-19aa84b3e01f?auto=format&fit=crop&w=800&q=70', 0);
INSERT INTO product_images (product_id, path, url, position) VALUES ('7c836c6b-3277-4900-8df3-e3a0a394892a', 'demo/1558981403-c5f9899a28bc', 'https://images.unsplash.com/photo-1558981403-c5f9899a28bc?auto=format&fit=crop&w=800&q=70', 1);
INSERT INTO products (id, seller_id, category_id, title, description, origin_country, price_fcfa, wholesale_price_fcfa, wholesale_min_qty, promo_price_fcfa, promo_ends_at, stock, min_order_qty, status) VALUES ('8498eaca-aa7f-4c47-ad8d-03359ebe38b0', '5f9afb46-feec-4b9b-8b6f-caa63a4f2237', (SELECT id FROM categories WHERE slug = 'pneus-batteries'), 'Pneu moto 90/90-17 renforcé', 'Pneu arrière renforcé 90/90-17 pour taxis-motos, gomme dure longue durée, tubeless.', 'Chine', 16500, 14500, 4, NULL, NULL, 24, 1, 'published');
INSERT INTO product_images (product_id, path, url, position) VALUES ('8498eaca-aa7f-4c47-ad8d-03359ebe38b0', 'demo/1558618666-fcd25c85cd64', 'https://images.unsplash.com/photo-1558618666-fcd25c85cd64?auto=format&fit=crop&w=800&q=70', 0);
INSERT INTO product_images (product_id, path, url, position) VALUES ('8498eaca-aa7f-4c47-ad8d-03359ebe38b0', 'demo/1568772585407-9361f9bf3a87', 'https://images.unsplash.com/photo-1568772585407-9361f9bf3a87?auto=format&fit=crop&w=800&q=70', 1);
INSERT INTO products (id, seller_id, category_id, title, description, origin_country, price_fcfa, wholesale_price_fcfa, wholesale_min_qty, promo_price_fcfa, promo_ends_at, stock, min_order_qty, status) VALUES ('feb22267-3471-4fa1-99a6-e4d78702259f', '5f9afb46-feec-4b9b-8b6f-caa63a4f2237', (SELECT id FROM categories WHERE slug = 'jouets'), 'Jeu de construction en bois 80 pièces', 'Blocs de construction en bois peint non toxique, 80 pièces, dès 3 ans. Sac de rangement inclus.', 'Chine', 7500, NULL, NULL, NULL, NULL, 18, 1, 'published');
INSERT INTO product_images (product_id, path, url, position) VALUES ('feb22267-3471-4fa1-99a6-e4d78702259f', 'demo/1587654780291-39c9404d746b', 'https://images.unsplash.com/photo-1587654780291-39c9404d746b?auto=format&fit=crop&w=800&q=70', 0);
INSERT INTO product_images (product_id, path, url, position) VALUES ('feb22267-3471-4fa1-99a6-e4d78702259f', 'demo/1558060370-d644479cb6f7', 'https://images.unsplash.com/photo-1558060370-d644479cb6f7?auto=format&fit=crop&w=800&q=70', 1);
INSERT INTO products (id, seller_id, category_id, title, description, origin_country, price_fcfa, wholesale_price_fcfa, wholesale_min_qty, promo_price_fcfa, promo_ends_at, stock, min_order_qty, status) VALUES ('cf8276e6-d2d0-49df-90c0-d900596213cf', '5f9afb46-feec-4b9b-8b6f-caa63a4f2237', (SELECT id FROM categories WHERE slug = 'puericulture'), 'Kit biberons anti-coliques (x3)', 'Trois biberons 260 ml anti-coliques sans BPA, tétines débit variable, goupillon offert.', 'Chine', 5500, NULL, NULL, NULL, NULL, 22, 1, 'published');
INSERT INTO product_images (product_id, path, url, position) VALUES ('cf8276e6-d2d0-49df-90c0-d900596213cf', 'demo/1544126592-807ade215a0b', 'https://images.unsplash.com/photo-1544126592-807ade215a0b?auto=format&fit=crop&w=800&q=70', 0);
INSERT INTO product_images (product_id, path, url, position) VALUES ('cf8276e6-d2d0-49df-90c0-d900596213cf', 'demo/1515488042361-ee00e0ddd4e4', 'https://images.unsplash.com/photo-1515488042361-ee00e0ddd4e4?auto=format&fit=crop&w=800&q=70', 1);
INSERT INTO products (id, seller_id, category_id, title, description, origin_country, price_fcfa, wholesale_price_fcfa, wholesale_min_qty, promo_price_fcfa, promo_ends_at, stock, min_order_qty, status) VALUES ('836886ca-c9ad-42cc-9bc7-06f39359f27a', '5f9afb46-feec-4b9b-8b6f-caa63a4f2237', (SELECT id FROM categories WHERE slug = 'vetements-enfants'), 'Ensemble enfant wax 2 pièces', 'Ensemble haut + short en wax pour enfants de 2 à 8 ans, coutures renforcées, couleurs vives.', 'Togo', 6500, 5500, 6, NULL, NULL, 25, 1, 'published');
INSERT INTO product_images (product_id, path, url, position) VALUES ('836886ca-c9ad-42cc-9bc7-06f39359f27a', 'demo/1522771930-78848d9293e8', 'https://images.unsplash.com/photo-1522771930-78848d9293e8?auto=format&fit=crop&w=800&q=70', 0);
INSERT INTO products (id, seller_id, category_id, title, description, origin_country, price_fcfa, wholesale_price_fcfa, wholesale_min_qty, promo_price_fcfa, promo_ends_at, stock, min_order_qty, status) VALUES ('73a131ff-d987-4896-bfd6-0a53549c2fd8', 'd1220433-bde8-48b1-b33f-ee5571b5d4a3', (SELECT id FROM categories WHERE slug = 'tissus-pagnes'), 'Pagne kente premium 6 yards', 'Tissu kente aux motifs tissés main, 6 yards. Pièce d''exception pour grandes occasions.', 'Ghana', 22000, 18500, 8, 18700, now() + interval '3 days', 25, 1, 'published');
INSERT INTO product_images (product_id, path, url, position) VALUES ('73a131ff-d987-4896-bfd6-0a53549c2fd8', 'demo/1528459801416-a9e53bbf4e17', 'https://images.unsplash.com/photo-1528459801416-a9e53bbf4e17?auto=format&fit=crop&w=800&q=70', 0);
INSERT INTO product_images (product_id, path, url, position) VALUES ('73a131ff-d987-4896-bfd6-0a53549c2fd8', 'demo/1523381210434-271e8be1f52b', 'https://images.unsplash.com/photo-1523381210434-271e8be1f52b?auto=format&fit=crop&w=800&q=70', 1);
INSERT INTO products (id, seller_id, category_id, title, description, origin_country, price_fcfa, wholesale_price_fcfa, wholesale_min_qty, promo_price_fcfa, promo_ends_at, stock, min_order_qty, status) VALUES ('be8f8dc2-f616-4169-850d-4e36c725ad38', 'd1220433-bde8-48b1-b33f-ee5571b5d4a3', (SELECT id FROM categories WHERE slug = 'vetements-femme'), 'Ensemble deux-pièces wax femme', 'Top et jupe assortis en wax, coupe ajustée. Tailles S à XXL, cousu à Assigamé.', 'Togo', 19500, NULL, NULL, NULL, NULL, 14, 1, 'published');
INSERT INTO product_images (product_id, path, url, position) VALUES ('be8f8dc2-f616-4169-850d-4e36c725ad38', 'demo/1595777457583-95e059d581b8', 'https://images.unsplash.com/photo-1595777457583-95e059d581b8?auto=format&fit=crop&w=800&q=70', 0);
INSERT INTO product_images (product_id, path, url, position) VALUES ('be8f8dc2-f616-4169-850d-4e36c725ad38', 'demo/1572804013309-59a88b7e92f1', 'https://images.unsplash.com/photo-1572804013309-59a88b7e92f1?auto=format&fit=crop&w=800&q=70', 1);
INSERT INTO products (id, seller_id, category_id, title, description, origin_country, price_fcfa, wholesale_price_fcfa, wholesale_min_qty, promo_price_fcfa, promo_ends_at, stock, min_order_qty, status) VALUES ('0b42db63-a710-47db-878d-ccdf15c868f5', 'd1220433-bde8-48b1-b33f-ee5571b5d4a3', (SELECT id FROM categories WHERE slug = 'sacs-accessoires'), 'Portefeuille en cuir gravé', 'Portefeuille cuir véritable, compartiments cartes et billets, gravure artisanale.', 'Togo', 6500, 5500, 6, NULL, NULL, 30, 1, 'published');
INSERT INTO product_images (product_id, path, url, position) VALUES ('0b42db63-a710-47db-878d-ccdf15c868f5', 'demo/1584917865442-de89df76afd3', 'https://images.unsplash.com/photo-1584917865442-de89df76afd3?auto=format&fit=crop&w=800&q=70', 0);
INSERT INTO product_images (product_id, path, url, position) VALUES ('0b42db63-a710-47db-878d-ccdf15c868f5', 'demo/1566150905458-1bf1fc113f0d', 'https://images.unsplash.com/photo-1566150905458-1bf1fc113f0d?auto=format&fit=crop&w=800&q=70', 1);
INSERT INTO products (id, seller_id, category_id, title, description, origin_country, price_fcfa, wholesale_price_fcfa, wholesale_min_qty, promo_price_fcfa, promo_ends_at, stock, min_order_qty, status) VALUES ('574bf839-c68f-445b-9402-2fe079800d54', 'd1220433-bde8-48b1-b33f-ee5571b5d4a3', (SELECT id FROM categories WHERE slug = 'vetements-homme'), 'Boubou brodé grande taille', 'Boubou traditionnel brodé au col et aux poignets, tissu bazin riche. Confort et prestance.', 'Togo', 24000, NULL, NULL, NULL, NULL, 10, 1, 'published');
INSERT INTO product_images (product_id, path, url, position) VALUES ('574bf839-c68f-445b-9402-2fe079800d54', 'demo/1602810318383-e386cc2a3ccf', 'https://images.unsplash.com/photo-1602810318383-e386cc2a3ccf?auto=format&fit=crop&w=800&q=70', 0);
INSERT INTO product_images (product_id, path, url, position) VALUES ('574bf839-c68f-445b-9402-2fe079800d54', 'demo/1596755094514-f87e34085b2c', 'https://images.unsplash.com/photo-1596755094514-f87e34085b2c?auto=format&fit=crop&w=800&q=70', 1);
INSERT INTO products (id, seller_id, category_id, title, description, origin_country, price_fcfa, wholesale_price_fcfa, wholesale_min_qty, promo_price_fcfa, promo_ends_at, stock, min_order_qty, status) VALUES ('fc41bd7e-0d4b-4adb-9435-24d6bc83f97a', 'd1220433-bde8-48b1-b33f-ee5571b5d4a3', (SELECT id FROM categories WHERE slug = 'chaussures'), 'Mocassins en cuir cousus main', 'Mocassins cuir souple, semelle cousue, finition soignée. Pointures 39-45.', 'Togo', 15500, 13500, 5, 12400, now() + interval '4 days', 18, 1, 'published');
INSERT INTO product_images (product_id, path, url, position) VALUES ('fc41bd7e-0d4b-4adb-9435-24d6bc83f97a', 'demo/1603487742131-4160ec999306', 'https://images.unsplash.com/photo-1603487742131-4160ec999306?auto=format&fit=crop&w=800&q=70', 0);
INSERT INTO product_images (product_id, path, url, position) VALUES ('fc41bd7e-0d4b-4adb-9435-24d6bc83f97a', 'demo/1560343090-f0409e92791a', 'https://images.unsplash.com/photo-1560343090-f0409e92791a?auto=format&fit=crop&w=800&q=70', 1);
INSERT INTO products (id, seller_id, category_id, title, description, origin_country, price_fcfa, wholesale_price_fcfa, wholesale_min_qty, promo_price_fcfa, promo_ends_at, stock, min_order_qty, status) VALUES ('8c49274d-9ccc-40f5-82b3-166c9bc627e6', '78268a4a-af28-48ec-b396-03632b2e5807', (SELECT id FROM categories WHERE slug = 'telephones-tablettes'), 'Tablette 10" 64 Go Wi-Fi', 'Tablette Android 10 pouces, 64 Go, Wi-Fi, idéale études et streaming. Étui offert.', 'Chine', 78000, 72000, 4, 68600, now() + interval '2 days', 12, 1, 'published');
INSERT INTO product_images (product_id, path, url, position) VALUES ('8c49274d-9ccc-40f5-82b3-166c9bc627e6', 'demo/1601784551446-20c9e07cdbdb', 'https://images.unsplash.com/photo-1601784551446-20c9e07cdbdb?auto=format&fit=crop&w=800&q=70', 0);
INSERT INTO product_images (product_id, path, url, position) VALUES ('8c49274d-9ccc-40f5-82b3-166c9bc627e6', 'demo/1592750475338-74b7b21085ab', 'https://images.unsplash.com/photo-1592750475338-74b7b21085ab?auto=format&fit=crop&w=800&q=70', 1);
INSERT INTO products (id, seller_id, category_id, title, description, origin_country, price_fcfa, wholesale_price_fcfa, wholesale_min_qty, promo_price_fcfa, promo_ends_at, stock, min_order_qty, status) VALUES ('0d206aae-5ad3-4aa7-bf93-43b4e2a97625', '78268a4a-af28-48ec-b396-03632b2e5807', (SELECT id FROM categories WHERE slug = 'accessoires-electroniques'), 'Chargeur rapide USB-C 33 W', 'Chargeur secteur charge rapide 33 W avec câble USB-C 1 m. Compatible tous smartphones.', 'Chine', 6000, 4800, 10, NULL, NULL, 50, 1, 'published');
INSERT INTO product_images (product_id, path, url, position) VALUES ('0d206aae-5ad3-4aa7-bf93-43b4e2a97625', 'demo/1590658268037-6bf12165a8df', 'https://images.unsplash.com/photo-1590658268037-6bf12165a8df?auto=format&fit=crop&w=800&q=70', 0);
INSERT INTO product_images (product_id, path, url, position) VALUES ('0d206aae-5ad3-4aa7-bf93-43b4e2a97625', 'demo/1606220945770-b5b6c2c55bf1', 'https://images.unsplash.com/photo-1606220945770-b5b6c2c55bf1?auto=format&fit=crop&w=800&q=70', 1);
INSERT INTO products (id, seller_id, category_id, title, description, origin_country, price_fcfa, wholesale_price_fcfa, wholesale_min_qty, promo_price_fcfa, promo_ends_at, stock, min_order_qty, status) VALUES ('54b30e94-4957-4f28-90e1-3bdb7562434d', '78268a4a-af28-48ec-b396-03632b2e5807', (SELECT id FROM categories WHERE slug = 'accessoires-electroniques'), 'Enceinte Bluetooth étanche', 'Enceinte portable Bluetooth 5.0, étanche IPX7, basses puissantes, 12 h d''autonomie.', 'Chine', 16500, 14000, 5, 12400, now() + interval '2 days', 22, 1, 'published');
INSERT INTO product_images (product_id, path, url, position) VALUES ('54b30e94-4957-4f28-90e1-3bdb7562434d', 'demo/1606220945770-b5b6c2c55bf1', 'https://images.unsplash.com/photo-1606220945770-b5b6c2c55bf1?auto=format&fit=crop&w=800&q=70', 0);
INSERT INTO product_images (product_id, path, url, position) VALUES ('54b30e94-4957-4f28-90e1-3bdb7562434d', 'demo/1505740420928-5e560c06d30e', 'https://images.unsplash.com/photo-1505740420928-5e560c06d30e?auto=format&fit=crop&w=800&q=70', 1);
INSERT INTO products (id, seller_id, category_id, title, description, origin_country, price_fcfa, wholesale_price_fcfa, wholesale_min_qty, promo_price_fcfa, promo_ends_at, stock, min_order_qty, status) VALUES ('f3b03d79-0372-49b1-8ec4-3b7b27c6ce8c', '78268a4a-af28-48ec-b396-03632b2e5807', (SELECT id FROM categories WHERE slug = 'tv-audio'), 'Barre de son 2.1 Bluetooth', 'Barre de son 2.1 avec caisson, Bluetooth et HDMI ARC, 120 W. Home-cinéma abordable.', 'Chine', 52000, NULL, NULL, NULL, NULL, 9, 1, 'published');
INSERT INTO product_images (product_id, path, url, position) VALUES ('f3b03d79-0372-49b1-8ec4-3b7b27c6ce8c', 'demo/1593359677879-a4bb92f829d1', 'https://images.unsplash.com/photo-1593359677879-a4bb92f829d1?auto=format&fit=crop&w=800&q=70', 0);
INSERT INTO product_images (product_id, path, url, position) VALUES ('f3b03d79-0372-49b1-8ec4-3b7b27c6ce8c', 'demo/1461151304267-38535e780c79', 'https://images.unsplash.com/photo-1461151304267-38535e780c79?auto=format&fit=crop&w=800&q=70', 1);
INSERT INTO products (id, seller_id, category_id, title, description, origin_country, price_fcfa, wholesale_price_fcfa, wholesale_min_qty, promo_price_fcfa, promo_ends_at, stock, min_order_qty, status) VALUES ('2ea2620f-8200-457a-8617-d30c3691e741', '78268a4a-af28-48ec-b396-03632b2e5807', (SELECT id FROM categories WHERE slug = 'ordinateurs'), 'Ensemble clavier + souris sans fil', 'Clavier AZERTY et souris optique sans fil, récepteur USB unique, frappe silencieuse.', 'Chine', 12000, 9500, 6, NULL, NULL, 26, 1, 'published');
INSERT INTO product_images (product_id, path, url, position) VALUES ('2ea2620f-8200-457a-8617-d30c3691e741', 'demo/1496181133206-80ce9b88a853', 'https://images.unsplash.com/photo-1496181133206-80ce9b88a853?auto=format&fit=crop&w=800&q=70', 0);
INSERT INTO product_images (product_id, path, url, position) VALUES ('2ea2620f-8200-457a-8617-d30c3691e741', 'demo/1517336714731-489689fd1ca8', 'https://images.unsplash.com/photo-1517336714731-489689fd1ca8?auto=format&fit=crop&w=800&q=70', 1);
INSERT INTO products (id, seller_id, category_id, title, description, origin_country, price_fcfa, wholesale_price_fcfa, wholesale_min_qty, promo_price_fcfa, promo_ends_at, stock, min_order_qty, status) VALUES ('bc733dea-8199-4bc7-abbb-920fbd1fb612', '878e44d6-28ee-4763-be10-828c012a5177', (SELECT id FROM categories WHERE slug = 'epicerie'), 'Farine de maïs 10 kg', 'Farine de maïs blanche finement moulue, sac de 10 kg. Base des repas togolais.', 'Togo', 5500, 4800, 5, NULL, NULL, 40, 1, 'published');
INSERT INTO product_images (product_id, path, url, position) VALUES ('bc733dea-8199-4bc7-abbb-920fbd1fb612', 'demo/1509440159596-0249088772ff', 'https://images.unsplash.com/photo-1509440159596-0249088772ff?auto=format&fit=crop&w=800&q=70', 0);
INSERT INTO product_images (product_id, path, url, position) VALUES ('bc733dea-8199-4bc7-abbb-920fbd1fb612', 'demo/1595475207225-428b62bda831', 'https://images.unsplash.com/photo-1595475207225-428b62bda831?auto=format&fit=crop&w=800&q=70', 1);
INSERT INTO products (id, seller_id, category_id, title, description, origin_country, price_fcfa, wholesale_price_fcfa, wholesale_min_qty, promo_price_fcfa, promo_ends_at, stock, min_order_qty, status) VALUES ('a8ceded1-5eca-45c4-b208-e4a4ad6eeb7e', '878e44d6-28ee-4763-be10-828c012a5177', (SELECT id FROM categories WHERE slug = 'epicerie'), 'Haricots rouges 5 kg', 'Haricots rouges triés, sac de 5 kg. Riches en protéines, cuisson rapide.', 'Togo', 6000, 5200, 6, NULL, NULL, 35, 1, 'published');
INSERT INTO product_images (product_id, path, url, position) VALUES ('a8ceded1-5eca-45c4-b208-e4a4ad6eeb7e', 'demo/1596040033229-a9821ebd058d', 'https://images.unsplash.com/photo-1596040033229-a9821ebd058d?auto=format&fit=crop&w=800&q=70', 0);
INSERT INTO product_images (product_id, path, url, position) VALUES ('a8ceded1-5eca-45c4-b208-e4a4ad6eeb7e', 'demo/1509358271058-acd22cc93898', 'https://images.unsplash.com/photo-1509358271058-acd22cc93898?auto=format&fit=crop&w=800&q=70', 1);
INSERT INTO products (id, seller_id, category_id, title, description, origin_country, price_fcfa, wholesale_price_fcfa, wholesale_min_qty, promo_price_fcfa, promo_ends_at, stock, min_order_qty, status) VALUES ('a068b06a-026b-49eb-bce8-0907c832ed7d', '878e44d6-28ee-4763-be10-828c012a5177', (SELECT id FROM categories WHERE slug = 'epicerie'), 'Café moulu du Togo 500 g', 'Café arabica des plateaux, torréfaction artisanale, moulu. Sachet 500 g.', 'Togo', 4000, 3400, 8, 3400, now() + interval '5 days', 28, 1, 'published');
INSERT INTO product_images (product_id, path, url, position) VALUES ('a068b06a-026b-49eb-bce8-0907c832ed7d', 'demo/1587049352846-4a222e784d38', 'https://images.unsplash.com/photo-1587049352846-4a222e784d38?auto=format&fit=crop&w=800&q=70', 0);
INSERT INTO product_images (product_id, path, url, position) VALUES ('a068b06a-026b-49eb-bce8-0907c832ed7d', 'demo/1558642452-9d2a7deb7f62', 'https://images.unsplash.com/photo-1558642452-9d2a7deb7f62?auto=format&fit=crop&w=800&q=70', 1);
INSERT INTO products (id, seller_id, category_id, title, description, origin_country, price_fcfa, wholesale_price_fcfa, wholesale_min_qty, promo_price_fcfa, promo_ends_at, stock, min_order_qty, status) VALUES ('54bea9bb-c61e-4c4d-a57a-46e99b70904a', '878e44d6-28ee-4763-be10-828c012a5177', (SELECT id FROM categories WHERE slug = 'boissons'), 'Eau minérale pack 12×1,5 L', 'Pack de 12 bouteilles d''eau minérale de 1,5 L. Livraison à domicile dans Lomé.', 'Togo', 4200, 3600, 5, NULL, NULL, 40, 1, 'published');
INSERT INTO product_images (product_id, path, url, position) VALUES ('54bea9bb-c61e-4c4d-a57a-46e99b70904a', 'demo/1600271886742-f049cd451bba', 'https://images.unsplash.com/photo-1600271886742-f049cd451bba?auto=format&fit=crop&w=800&q=70', 0);
INSERT INTO product_images (product_id, path, url, position) VALUES ('54bea9bb-c61e-4c4d-a57a-46e99b70904a', 'demo/1544145945-f90425340c7e', 'https://images.unsplash.com/photo-1544145945-f90425340c7e?auto=format&fit=crop&w=800&q=70', 1);
INSERT INTO products (id, seller_id, category_id, title, description, origin_country, price_fcfa, wholesale_price_fcfa, wholesale_min_qty, promo_price_fcfa, promo_ends_at, stock, min_order_qty, status) VALUES ('79235088-1840-4b5b-8d15-c9fb31de40ca', '878e44d6-28ee-4763-be10-828c012a5177', (SELECT id FROM categories WHERE slug = 'boissons'), 'Jus de gingembre frais 1 L', 'Jus de gingembre maison épicé, bouteille 1 L. Tonifiant, à servir bien frais.', 'Togo', 2500, NULL, NULL, NULL, NULL, 30, 1, 'published');
INSERT INTO product_images (product_id, path, url, position) VALUES ('79235088-1840-4b5b-8d15-c9fb31de40ca', 'demo/1544145945-f90425340c7e', 'https://images.unsplash.com/photo-1544145945-f90425340c7e?auto=format&fit=crop&w=800&q=70', 0);
INSERT INTO product_images (product_id, path, url, position) VALUES ('79235088-1840-4b5b-8d15-c9fb31de40ca', 'demo/1600271886742-f049cd451bba', 'https://images.unsplash.com/photo-1600271886742-f049cd451bba?auto=format&fit=crop&w=800&q=70', 1);
INSERT INTO products (id, seller_id, category_id, title, description, origin_country, price_fcfa, wholesale_price_fcfa, wholesale_min_qty, promo_price_fcfa, promo_ends_at, stock, min_order_qty, status) VALUES ('2ebf64ba-aaa0-4b5d-ac07-1ce9cdedccba', 'c31fa6dd-d79a-4d90-9bd6-3a3096edc6a4', (SELECT id FROM categories WHERE slug = 'meubles'), 'Table basse en bois massif', 'Table basse en teck massif, finition huilée, plateau généreux. Fabriquée à Lomé.', 'Togo', 78000, NULL, NULL, NULL, NULL, 6, 1, 'published');
INSERT INTO product_images (product_id, path, url, position) VALUES ('2ebf64ba-aaa0-4b5d-ac07-1ce9cdedccba', 'demo/1567538096630-e0c55bd6374c', 'https://images.unsplash.com/photo-1567538096630-e0c55bd6374c?auto=format&fit=crop&w=800&q=70', 0);
INSERT INTO product_images (product_id, path, url, position) VALUES ('2ebf64ba-aaa0-4b5d-ac07-1ce9cdedccba', 'demo/1555041469-a586c61ea9bc', 'https://images.unsplash.com/photo-1555041469-a586c61ea9bc?auto=format&fit=crop&w=800&q=70', 1);
INSERT INTO products (id, seller_id, category_id, title, description, origin_country, price_fcfa, wholesale_price_fcfa, wholesale_min_qty, promo_price_fcfa, promo_ends_at, stock, min_order_qty, status) VALUES ('7638d0c1-13ad-472d-8066-6dc2cc03160c', 'c31fa6dd-d79a-4d90-9bd6-3a3096edc6a4', (SELECT id FROM categories WHERE slug = 'decoration'), 'Miroir mural rond en rotin', 'Miroir décoratif encadré de rotin tressé, diamètre 60 cm. Style bohème chaleureux.', 'Togo', 16500, NULL, NULL, NULL, NULL, 14, 1, 'published');
INSERT INTO product_images (product_id, path, url, position) VALUES ('7638d0c1-13ad-472d-8066-6dc2cc03160c', 'demo/1513506003901-1e6a229e2d15', 'https://images.unsplash.com/photo-1513506003901-1e6a229e2d15?auto=format&fit=crop&w=800&q=70', 0);
INSERT INTO product_images (product_id, path, url, position) VALUES ('7638d0c1-13ad-472d-8066-6dc2cc03160c', 'demo/1507473885765-e6ed057f782c', 'https://images.unsplash.com/photo-1507473885765-e6ed057f782c?auto=format&fit=crop&w=800&q=70', 1);
INSERT INTO products (id, seller_id, category_id, title, description, origin_country, price_fcfa, wholesale_price_fcfa, wholesale_min_qty, promo_price_fcfa, promo_ends_at, stock, min_order_qty, status) VALUES ('6e63bcfd-380f-46a1-8c6d-60c14ff31dd7', 'c31fa6dd-d79a-4d90-9bd6-3a3096edc6a4', (SELECT id FROM categories WHERE slug = 'electromenager'), 'Fer à repasser vapeur 2200 W', 'Fer vapeur 2200 W, semelle céramique, spray et pressing vertical. Repassage facile.', 'Chine', 12500, 10500, 4, 10600, now() + interval '3 days', 24, 1, 'published');
INSERT INTO product_images (product_id, path, url, position) VALUES ('6e63bcfd-380f-46a1-8c6d-60c14ff31dd7', 'demo/1594736797933-d0501ba2fe65', 'https://images.unsplash.com/photo-1594736797933-d0501ba2fe65?auto=format&fit=crop&w=800&q=70', 0);
INSERT INTO products (id, seller_id, category_id, title, description, origin_country, price_fcfa, wholesale_price_fcfa, wholesale_min_qty, promo_price_fcfa, promo_ends_at, stock, min_order_qty, status) VALUES ('4e7473fd-c639-4993-b36d-3b58aeecba31', 'c31fa6dd-d79a-4d90-9bd6-3a3096edc6a4', (SELECT id FROM categories WHERE slug = 'ustensiles-cuisine'), 'Lot de 3 marmites en fonte', 'Trois marmites fonte émaillée (3, 5 et 7 L), répartition homogène de la chaleur.', 'Chine', 28000, 24000, 3, NULL, NULL, 12, 1, 'published');
INSERT INTO product_images (product_id, path, url, position) VALUES ('4e7473fd-c639-4993-b36d-3b58aeecba31', 'demo/1556911220-bff31c812dba', 'https://images.unsplash.com/photo-1556911220-bff31c812dba?auto=format&fit=crop&w=800&q=70', 0);
INSERT INTO products (id, seller_id, category_id, title, description, origin_country, price_fcfa, wholesale_price_fcfa, wholesale_min_qty, promo_price_fcfa, promo_ends_at, stock, min_order_qty, status) VALUES ('2eb46999-9134-42d3-bf44-62b51c358048', 'c31fa6dd-d79a-4d90-9bd6-3a3096edc6a4', (SELECT id FROM categories WHERE slug = 'cosmetiques'), 'Huile de coco pressée 500 ml', 'Huile de coco vierge pressée à froid, pour cheveux et peau. Flacon de 500 ml.', 'Togo', 3500, 2900, 10, NULL, NULL, 45, 1, 'published');
INSERT INTO product_images (product_id, path, url, position) VALUES ('2eb46999-9134-42d3-bf44-62b51c358048', 'demo/1608248543803-ba4f8c70ae0b', 'https://images.unsplash.com/photo-1608248543803-ba4f8c70ae0b?auto=format&fit=crop&w=800&q=70', 0);
INSERT INTO product_images (product_id, path, url, position) VALUES ('2eb46999-9134-42d3-bf44-62b51c358048', 'demo/1556228453-efd6c1ff04f6', 'https://images.unsplash.com/photo-1556228453-efd6c1ff04f6?auto=format&fit=crop&w=800&q=70', 1);
INSERT INTO products (id, seller_id, category_id, title, description, origin_country, price_fcfa, wholesale_price_fcfa, wholesale_min_qty, promo_price_fcfa, promo_ends_at, stock, min_order_qty, status) VALUES ('a84b945e-73e6-43b5-a608-cd9dbc8cf03e', 'c31fa6dd-d79a-4d90-9bd6-3a3096edc6a4', (SELECT id FROM categories WHERE slug = 'parfums'), 'Parfum femme « Fleur d''Hibiscus » 90 ml', 'Eau de parfum florale-fruitée, flacon 90 ml, tenue longue durée. Coffret offert.', 'France', 12500, NULL, NULL, NULL, NULL, 16, 1, 'published');
INSERT INTO product_images (product_id, path, url, position) VALUES ('a84b945e-73e6-43b5-a608-cd9dbc8cf03e', 'demo/1585386959984-a4155224a1ad', 'https://images.unsplash.com/photo-1585386959984-a4155224a1ad?auto=format&fit=crop&w=800&q=70', 0);
INSERT INTO product_images (product_id, path, url, position) VALUES ('a84b945e-73e6-43b5-a608-cd9dbc8cf03e', 'demo/1541643600914-78b084683601', 'https://images.unsplash.com/photo-1541643600914-78b084683601?auto=format&fit=crop&w=800&q=70', 1);
INSERT INTO products (id, seller_id, category_id, title, description, origin_country, price_fcfa, wholesale_price_fcfa, wholesale_min_qty, promo_price_fcfa, promo_ends_at, stock, min_order_qty, status) VALUES ('f29dd9c9-0634-4dce-9a3e-32bdc02b761a', '5f9afb46-feec-4b9b-8b6f-caa63a4f2237', (SELECT id FROM categories WHERE slug = 'equipement-sportif'), 'Tapis de yoga antidérapant', 'Tapis de yoga 6 mm, antidérapant, sangle de transport incluse. 183×61 cm.', 'Chine', 9500, 8000, 5, NULL, NULL, 30, 1, 'published');
INSERT INTO product_images (product_id, path, url, position) VALUES ('f29dd9c9-0634-4dce-9a3e-32bdc02b761a', 'demo/1595950653106-6c9ebd614d3a', 'https://images.unsplash.com/photo-1595950653106-6c9ebd614d3a?auto=format&fit=crop&w=800&q=70', 0);
INSERT INTO product_images (product_id, path, url, position) VALUES ('f29dd9c9-0634-4dce-9a3e-32bdc02b761a', 'demo/1542291026-7eec264c27ff', 'https://images.unsplash.com/photo-1542291026-7eec264c27ff?auto=format&fit=crop&w=800&q=70', 1);
INSERT INTO products (id, seller_id, category_id, title, description, origin_country, price_fcfa, wholesale_price_fcfa, wholesale_min_qty, promo_price_fcfa, promo_ends_at, stock, min_order_qty, status) VALUES ('33dcbe53-0e97-4824-910f-69faab7fe1f5', '5f9afb46-feec-4b9b-8b6f-caa63a4f2237', (SELECT id FROM categories WHERE slug = 'equipement-sportif'), 'Haltères réglables 20 kg', 'Paire d''haltères réglables jusqu''à 20 kg, disques vinyle, barres antidérapantes.', 'Chine', 32000, 28000, 3, 25600, now() + interval '3 days', 14, 1, 'published');
INSERT INTO product_images (product_id, path, url, position) VALUES ('33dcbe53-0e97-4824-910f-69faab7fe1f5', 'demo/1542291026-7eec264c27ff', 'https://images.unsplash.com/photo-1542291026-7eec264c27ff?auto=format&fit=crop&w=800&q=70', 0);
INSERT INTO product_images (product_id, path, url, position) VALUES ('33dcbe53-0e97-4824-910f-69faab7fe1f5', 'demo/1579952363873-27f3bade9f55', 'https://images.unsplash.com/photo-1579952363873-27f3bade9f55?auto=format&fit=crop&w=800&q=70', 1);
INSERT INTO products (id, seller_id, category_id, title, description, origin_country, price_fcfa, wholesale_price_fcfa, wholesale_min_qty, promo_price_fcfa, promo_ends_at, stock, min_order_qty, status) VALUES ('41c36933-5ae1-4b2f-bc74-53fc4f68bebd', '5f9afb46-feec-4b9b-8b6f-caa63a4f2237', (SELECT id FROM categories WHERE slug = 'equipement-sportif'), 'Maillot de football réplique', 'Maillot réplique respirant, séchage rapide, floquage possible. Tailles S à XL.', 'Chine', 9000, 7500, 6, 7700, now() + interval '5 days', 28, 1, 'published');
INSERT INTO product_images (product_id, path, url, position) VALUES ('41c36933-5ae1-4b2f-bc74-53fc4f68bebd', 'demo/1579952363873-27f3bade9f55', 'https://images.unsplash.com/photo-1579952363873-27f3bade9f55?auto=format&fit=crop&w=800&q=70', 0);
INSERT INTO product_images (product_id, path, url, position) VALUES ('41c36933-5ae1-4b2f-bc74-53fc4f68bebd', 'demo/1614632537190-23e4146777db', 'https://images.unsplash.com/photo-1614632537190-23e4146777db?auto=format&fit=crop&w=800&q=70', 1);
INSERT INTO products (id, seller_id, category_id, title, description, origin_country, price_fcfa, wholesale_price_fcfa, wholesale_min_qty, promo_price_fcfa, promo_ends_at, stock, min_order_qty, status) VALUES ('f4707176-32a3-4e0d-aa50-e62e5d48e4f6', '5f9afb46-feec-4b9b-8b6f-caa63a4f2237', (SELECT id FROM categories WHERE slug = 'accessoires-moto'), 'Gants moto renforcés', 'Gants moto cuir et textile, coques de protection, doublure respirante. Tailles M-XL.', 'Chine', 8500, 7000, 4, NULL, NULL, 20, 1, 'published');
INSERT INTO product_images (product_id, path, url, position) VALUES ('f4707176-32a3-4e0d-aa50-e62e5d48e4f6', 'demo/1558981403-c5f9899a28bc', 'https://images.unsplash.com/photo-1558981403-c5f9899a28bc?auto=format&fit=crop&w=800&q=70', 0);
INSERT INTO product_images (product_id, path, url, position) VALUES ('f4707176-32a3-4e0d-aa50-e62e5d48e4f6', 'demo/1591637333184-19aa84b3e01f', 'https://images.unsplash.com/photo-1591637333184-19aa84b3e01f?auto=format&fit=crop&w=800&q=70', 1);
INSERT INTO products (id, seller_id, category_id, title, description, origin_country, price_fcfa, wholesale_price_fcfa, wholesale_min_qty, promo_price_fcfa, promo_ends_at, stock, min_order_qty, status) VALUES ('de206428-e280-4c01-b7b9-90874ebaefc5', '5f9afb46-feec-4b9b-8b6f-caa63a4f2237', (SELECT id FROM categories WHERE slug = 'jouets'), 'Voiture télécommandée tout-terrain', 'Voiture RC 1:16, 2,4 GHz, suspensions, batterie rechargeable incluse. Dès 6 ans.', 'Chine', 14500, NULL, NULL, 12300, now() + interval '4 days', 16, 1, 'published');
INSERT INTO product_images (product_id, path, url, position) VALUES ('de206428-e280-4c01-b7b9-90874ebaefc5', 'demo/1558060370-d644479cb6f7', 'https://images.unsplash.com/photo-1558060370-d644479cb6f7?auto=format&fit=crop&w=800&q=70', 0);
INSERT INTO product_images (product_id, path, url, position) VALUES ('de206428-e280-4c01-b7b9-90874ebaefc5', 'demo/1587654780291-39c9404d746b', 'https://images.unsplash.com/photo-1587654780291-39c9404d746b?auto=format&fit=crop&w=800&q=70', 1);
INSERT INTO products (id, seller_id, category_id, title, description, origin_country, price_fcfa, wholesale_price_fcfa, wholesale_min_qty, promo_price_fcfa, promo_ends_at, stock, min_order_qty, status) VALUES ('fbd02a3b-5963-4286-bd97-6356f44a4682', '5f9afb46-feec-4b9b-8b6f-caa63a4f2237', (SELECT id FROM categories WHERE slug = 'vetements-enfants'), 'Robe enfant en wax', 'Robe en wax pour filles de 2 à 8 ans, doublure coton, motifs colorés.', 'Togo', 5500, 4500, 6, NULL, NULL, 24, 1, 'published');
INSERT INTO product_images (product_id, path, url, position) VALUES ('fbd02a3b-5963-4286-bd97-6356f44a4682', 'demo/1522771930-78848d9293e8', 'https://images.unsplash.com/photo-1522771930-78848d9293e8?auto=format&fit=crop&w=800&q=70', 0);
INSERT INTO products (id, seller_id, category_id, title, description, origin_country, price_fcfa, wholesale_price_fcfa, wholesale_min_qty, promo_price_fcfa, promo_ends_at, stock, min_order_qty, status) VALUES ('146b01ac-7615-4661-aec5-22fba803bb15', '5f9afb46-feec-4b9b-8b6f-caa63a4f2237', (SELECT id FROM categories WHERE slug = 'puericulture'), 'Poussette canne pliable', 'Poussette légère pliable, harnais 5 points, capote pare-soleil, panier. Dès la naissance.', 'Chine', 42000, NULL, NULL, NULL, NULL, 8, 1, 'published');
INSERT INTO product_images (product_id, path, url, position) VALUES ('146b01ac-7615-4661-aec5-22fba803bb15', 'demo/1515488042361-ee00e0ddd4e4', 'https://images.unsplash.com/photo-1515488042361-ee00e0ddd4e4?auto=format&fit=crop&w=800&q=70', 0);
INSERT INTO product_images (product_id, path, url, position) VALUES ('146b01ac-7615-4661-aec5-22fba803bb15', 'demo/1544126592-807ade215a0b', 'https://images.unsplash.com/photo-1544126592-807ade215a0b?auto=format&fit=crop&w=800&q=70', 1);
COMMIT;
