-- Catalogue de DÉMONSTRATION Deal Lomé — généré automatiquement.
-- Nettoyage complet : DELETE FROM users WHERE firebase_uid LIKE 'demo-seller-%';
BEGIN;
DELETE FROM users WHERE firebase_uid LIKE 'demo-seller-%';
INSERT INTO users (id, firebase_uid, email, full_name, status) VALUES ('1377c376-5a20-4935-b3cd-59ee542a4e27', 'demo-seller-1', 'demo-seller-1@deallome.demo', 'Wax & Style Assigamé', 'active');
INSERT INTO seller_profiles (id, user_id, shop_name, shop_description, city, district, contact_phone, id_document_path, status, reviewed_at) VALUES ('13e97881-88ea-45f9-9520-ea24eb5b6b83', '1377c376-5a20-4935-b3cd-59ee542a4e27', 'Wax & Style Assigamé', 'Tissus wax, tenues cousues main et accessoires du Grand Marché de Lomé.', 'Lomé', 'Assigamé', '+22890110001', 'demo/aucun', 'approved', now());
INSERT INTO users (id, firebase_uid, email, full_name, status) VALUES ('223e71cc-bae0-43c5-9e40-6d6f32d1e52f', 'demo-seller-2', 'demo-seller-2@deallome.demo', 'Lomé Tech Store', 'active');
INSERT INTO seller_profiles (id, user_id, shop_name, shop_description, city, district, contact_phone, id_document_path, status, reviewed_at) VALUES ('1d3890d8-f9ce-4ee1-bcbd-7e7e7435b3f6', '223e71cc-bae0-43c5-9e40-6d6f32d1e52f', 'Lomé Tech Store', 'Téléphones, accessoires et électronique garantis, au meilleur prix de Bè.', 'Lomé', 'Bè', '+22890110002', 'demo/aucun', 'approved', now());
INSERT INTO users (id, firebase_uid, email, full_name, status) VALUES ('b87cc293-4394-4945-81be-50e58dc970a1', 'demo-seller-3', 'demo-seller-3@deallome.demo', 'Chez Mama Afi', 'active');
INSERT INTO seller_profiles (id, user_id, shop_name, shop_description, city, district, contact_phone, id_document_path, status, reviewed_at) VALUES ('d174ec9d-2397-44a8-9817-0d5af68d5d40', 'b87cc293-4394-4945-81be-50e58dc970a1', 'Chez Mama Afi', 'Épicerie de quartier : riz, gari, huile rouge et produits frais de Tokoin.', 'Lomé', 'Tokoin', '+22890110003', 'demo/aucun', 'approved', now());
INSERT INTO users (id, firebase_uid, email, full_name, status) VALUES ('f5aa8a23-8860-4609-bf7f-d5b04dccefe8', 'demo-seller-4', 'demo-seller-4@deallome.demo', 'Maison Douce Lomé', 'active');
INSERT INTO seller_profiles (id, user_id, shop_name, shop_description, city, district, contact_phone, id_document_path, status, reviewed_at) VALUES ('b9229a75-088d-4789-9b9e-b8c1a3a51a28', 'f5aa8a23-8860-4609-bf7f-d5b04dccefe8', 'Maison Douce Lomé', 'Meubles, électroménager et cosmétiques naturels pour la maison, à Adidogomé.', 'Lomé', 'Adidogomé', '+22890110004', 'demo/aucun', 'approved', now());
INSERT INTO users (id, firebase_uid, email, full_name, status) VALUES ('8acec367-0070-4a13-9978-cba8d97c63b8', 'demo-seller-5', 'demo-seller-5@deallome.demo', 'Sport & Go Togo', 'active');
INSERT INTO seller_profiles (id, user_id, shop_name, shop_description, city, district, contact_phone, id_document_path, status, reviewed_at) VALUES ('fa07b783-4746-42c1-848d-c5f4e6a37f56', '8acec367-0070-4a13-9978-cba8d97c63b8', 'Sport & Go Togo', 'Équipement sportif, vélos et accessoires moto à Agbalépédogan.', 'Lomé', 'Agbalépédogan', '+22890110005', 'demo/aucun', 'approved', now());
INSERT INTO products (id, seller_id, category_id, title, description, origin_country, price_fcfa, wholesale_price_fcfa, wholesale_min_qty, promo_price_fcfa, promo_ends_at, stock, min_order_qty, status) VALUES ('a9f4b219-52a3-450d-bf17-747563133e00', '13e97881-88ea-45f9-9520-ea24eb5b6b83', (SELECT id FROM categories WHERE slug = 'tissus-pagnes'), 'Pagne wax 6 yards « Soleil de Lomé »', 'Véritable wax hollandais 6 yards, motifs éclatants. Idéal pour tenues de cérémonie ou couture sur mesure.', 'Ghana', 18500, 15500, 10, 14800, now() + interval '4 days', 40, 1, 'published');
INSERT INTO product_images (product_id, path, url, position) VALUES ('a9f4b219-52a3-450d-bf17-747563133e00', 'demo/1528459801416-a9e53bbf4e17', 'https://images.unsplash.com/photo-1528459801416-a9e53bbf4e17?auto=format&fit=crop&w=800&q=70', 0);
INSERT INTO product_images (product_id, path, url, position) VALUES ('a9f4b219-52a3-450d-bf17-747563133e00', 'demo/1523381210434-271e8be1f52b', 'https://images.unsplash.com/photo-1523381210434-271e8be1f52b?auto=format&fit=crop&w=800&q=70', 1);
INSERT INTO products (id, seller_id, category_id, title, description, origin_country, price_fcfa, wholesale_price_fcfa, wholesale_min_qty, promo_price_fcfa, promo_ends_at, stock, min_order_qty, status) VALUES ('44b9547c-3ad5-4ebb-b876-7ea4bdfcb271', '13e97881-88ea-45f9-9520-ea24eb5b6b83', (SELECT id FROM categories WHERE slug = 'vetements-femme'), 'Robe en wax cousue main', 'Robe cintrée en wax, coupe moderne cousue par nos couturières d''Assigamé. Tailles S à XL.', 'Togo', 17500, NULL, NULL, NULL, NULL, 12, 1, 'published');
INSERT INTO product_images (product_id, path, url, position) VALUES ('44b9547c-3ad5-4ebb-b876-7ea4bdfcb271', 'demo/1595777457583-95e059d581b8', 'https://images.unsplash.com/photo-1595777457583-95e059d581b8?auto=format&fit=crop&w=800&q=70', 0);
INSERT INTO product_images (product_id, path, url, position) VALUES ('44b9547c-3ad5-4ebb-b876-7ea4bdfcb271', 'demo/1572804013309-59a88b7e92f1', 'https://images.unsplash.com/photo-1572804013309-59a88b7e92f1?auto=format&fit=crop&w=800&q=70', 1);
INSERT INTO products (id, seller_id, category_id, title, description, origin_country, price_fcfa, wholesale_price_fcfa, wholesale_min_qty, promo_price_fcfa, promo_ends_at, stock, min_order_qty, status) VALUES ('b809f330-550f-49be-9ab6-0b9617d019cc', '13e97881-88ea-45f9-9520-ea24eb5b6b83', (SELECT id FROM categories WHERE slug = 'vetements-homme'), 'Chemise homme en wax', 'Chemise manches courtes en wax coton, doublure légère — élégance togolaise au bureau comme en ville.', 'Togo', 12000, 10000, 5, NULL, NULL, 20, 1, 'published');
INSERT INTO product_images (product_id, path, url, position) VALUES ('b809f330-550f-49be-9ab6-0b9617d019cc', 'demo/1602810318383-e386cc2a3ccf', 'https://images.unsplash.com/photo-1602810318383-e386cc2a3ccf?auto=format&fit=crop&w=800&q=70', 0);
INSERT INTO product_images (product_id, path, url, position) VALUES ('b809f330-550f-49be-9ab6-0b9617d019cc', 'demo/1596755094514-f87e34085b2c', 'https://images.unsplash.com/photo-1596755094514-f87e34085b2c?auto=format&fit=crop&w=800&q=70', 1);
INSERT INTO products (id, seller_id, category_id, title, description, origin_country, price_fcfa, wholesale_price_fcfa, wholesale_min_qty, promo_price_fcfa, promo_ends_at, stock, min_order_qty, status) VALUES ('0a2c4a2a-787a-4c51-a8bb-7e18f7c71a06', '13e97881-88ea-45f9-9520-ea24eb5b6b83', (SELECT id FROM categories WHERE slug = 'sacs-accessoires'), 'Sac à main perlé artisanal', 'Sac à main tissé et perlé à la main, doublure tissu, anses renforcées.', 'Togo', 9500, NULL, NULL, NULL, NULL, 15, 1, 'published');
INSERT INTO product_images (product_id, path, url, position) VALUES ('0a2c4a2a-787a-4c51-a8bb-7e18f7c71a06', 'demo/1584917865442-de89df76afd3', 'https://images.unsplash.com/photo-1584917865442-de89df76afd3?auto=format&fit=crop&w=800&q=70', 0);
INSERT INTO product_images (product_id, path, url, position) VALUES ('0a2c4a2a-787a-4c51-a8bb-7e18f7c71a06', 'demo/1566150905458-1bf1fc113f0d', 'https://images.unsplash.com/photo-1566150905458-1bf1fc113f0d?auto=format&fit=crop&w=800&q=70', 1);
INSERT INTO products (id, seller_id, category_id, title, description, origin_country, price_fcfa, wholesale_price_fcfa, wholesale_min_qty, promo_price_fcfa, promo_ends_at, stock, min_order_qty, status) VALUES ('46065269-5f38-4d7c-8ab3-805c00958c62', '13e97881-88ea-45f9-9520-ea24eb5b6b83', (SELECT id FROM categories WHERE slug = 'chaussures'), 'Sandales en cuir artisanales', 'Sandales en cuir véritable cousues main, semelle antidérapante. Pointures 38-45.', 'Togo', 7500, 6500, 6, NULL, NULL, 25, 1, 'published');
INSERT INTO product_images (product_id, path, url, position) VALUES ('46065269-5f38-4d7c-8ab3-805c00958c62', 'demo/1603487742131-4160ec999306', 'https://images.unsplash.com/photo-1603487742131-4160ec999306?auto=format&fit=crop&w=800&q=70', 0);
INSERT INTO product_images (product_id, path, url, position) VALUES ('46065269-5f38-4d7c-8ab3-805c00958c62', 'demo/1560343090-f0409e92791a', 'https://images.unsplash.com/photo-1560343090-f0409e92791a?auto=format&fit=crop&w=800&q=70', 1);
INSERT INTO products (id, seller_id, category_id, title, description, origin_country, price_fcfa, wholesale_price_fcfa, wholesale_min_qty, promo_price_fcfa, promo_ends_at, stock, min_order_qty, status) VALUES ('6b6222cb-4bca-4049-bf39-979475dba1a1', '13e97881-88ea-45f9-9520-ea24eb5b6b83', (SELECT id FROM categories WHERE slug = 'vetements-homme'), 'T-shirt coton premium uni', 'T-shirt 100 % coton peigné 180 g, coupe droite. Blanc, noir ou bleu nuit.', 'Chine', 3500, 2800, 12, NULL, NULL, 60, 1, 'published');
INSERT INTO product_images (product_id, path, url, position) VALUES ('6b6222cb-4bca-4049-bf39-979475dba1a1', 'demo/1521572163474-6864f9cf17ab', 'https://images.unsplash.com/photo-1521572163474-6864f9cf17ab?auto=format&fit=crop&w=800&q=70', 0);
INSERT INTO products (id, seller_id, category_id, title, description, origin_country, price_fcfa, wholesale_price_fcfa, wholesale_min_qty, promo_price_fcfa, promo_ends_at, stock, min_order_qty, status) VALUES ('377f542b-4efc-405c-b235-db61208aff2d', '1d3890d8-f9ce-4ee1-bcbd-7e7e7435b3f6', (SELECT id FROM categories WHERE slug = 'telephones-tablettes'), 'Smartphone Android 6,6" 128 Go', 'Écran 6,6" HD+, 128 Go de stockage, double SIM 4G, batterie 5000 mAh. Garantie boutique 6 mois.', 'Chine', 85000, 79000, 5, 72300, now() + interval '3 days', 18, 1, 'published');
INSERT INTO product_images (product_id, path, url, position) VALUES ('377f542b-4efc-405c-b235-db61208aff2d', 'demo/1511707171634-5f897ff02aa9', 'https://images.unsplash.com/photo-1511707171634-5f897ff02aa9?auto=format&fit=crop&w=800&q=70', 0);
INSERT INTO product_images (product_id, path, url, position) VALUES ('377f542b-4efc-405c-b235-db61208aff2d', 'demo/1592750475338-74b7b21085ab', 'https://images.unsplash.com/photo-1592750475338-74b7b21085ab?auto=format&fit=crop&w=800&q=70', 1);
INSERT INTO product_images (product_id, path, url, position) VALUES ('377f542b-4efc-405c-b235-db61208aff2d', 'demo/1601784551446-20c9e07cdbdb', 'https://images.unsplash.com/photo-1601784551446-20c9e07cdbdb?auto=format&fit=crop&w=800&q=70', 2);
INSERT INTO products (id, seller_id, category_id, title, description, origin_country, price_fcfa, wholesale_price_fcfa, wholesale_min_qty, promo_price_fcfa, promo_ends_at, stock, min_order_qty, status) VALUES ('4ef96452-dd9c-4f33-937e-05de32b0f2be', '1d3890d8-f9ce-4ee1-bcbd-7e7e7435b3f6', (SELECT id FROM categories WHERE slug = 'accessoires-electroniques'), 'Écouteurs Bluetooth sans fil', 'Écouteurs intra-auriculaires Bluetooth 5.3, boîtier de charge, autonomie 24 h, micro intégré.', 'Chine', 12500, 10500, 6, 8800, now() + interval '2 days', 35, 1, 'published');
INSERT INTO product_images (product_id, path, url, position) VALUES ('4ef96452-dd9c-4f33-937e-05de32b0f2be', 'demo/1590658268037-6bf12165a8df', 'https://images.unsplash.com/photo-1590658268037-6bf12165a8df?auto=format&fit=crop&w=800&q=70', 0);
INSERT INTO product_images (product_id, path, url, position) VALUES ('4ef96452-dd9c-4f33-937e-05de32b0f2be', 'demo/1606220945770-b5b6c2c55bf1', 'https://images.unsplash.com/photo-1606220945770-b5b6c2c55bf1?auto=format&fit=crop&w=800&q=70', 1);
INSERT INTO products (id, seller_id, category_id, title, description, origin_country, price_fcfa, wholesale_price_fcfa, wholesale_min_qty, promo_price_fcfa, promo_ends_at, stock, min_order_qty, status) VALUES ('612b8178-04f6-4246-935f-006292e734d9', '1d3890d8-f9ce-4ee1-bcbd-7e7e7435b3f6', (SELECT id FROM categories WHERE slug = 'accessoires-electroniques'), 'Casque audio à réduction de bruit', 'Casque circum-aural Bluetooth, réduction de bruit active, 30 h d''autonomie, pliable.', 'Chine', 22000, NULL, NULL, NULL, NULL, 14, 1, 'published');
INSERT INTO product_images (product_id, path, url, position) VALUES ('612b8178-04f6-4246-935f-006292e734d9', 'demo/1505740420928-5e560c06d30e', 'https://images.unsplash.com/photo-1505740420928-5e560c06d30e?auto=format&fit=crop&w=800&q=70', 0);
INSERT INTO product_images (product_id, path, url, position) VALUES ('612b8178-04f6-4246-935f-006292e734d9', 'demo/1546435770-a3e426bf472b', 'https://images.unsplash.com/photo-1546435770-a3e426bf472b?auto=format&fit=crop&w=800&q=70', 1);
INSERT INTO products (id, seller_id, category_id, title, description, origin_country, price_fcfa, wholesale_price_fcfa, wholesale_min_qty, promo_price_fcfa, promo_ends_at, stock, min_order_qty, status) VALUES ('4d5b4506-4295-4dd4-ae11-8eec475b484e', '1d3890d8-f9ce-4ee1-bcbd-7e7e7435b3f6', (SELECT id FROM categories WHERE slug = 'accessoires-electroniques'), 'Montre connectée sport', 'Écran AMOLED 1,43", suivi cardio/sommeil, notifications, étanche 5 ATM, bracelet silicone.', 'Chine', 28500, NULL, NULL, 18500, now() + interval '1 days', 10, 1, 'published');
INSERT INTO product_images (product_id, path, url, position) VALUES ('4d5b4506-4295-4dd4-ae11-8eec475b484e', 'demo/1523275335684-37898b6baf30', 'https://images.unsplash.com/photo-1523275335684-37898b6baf30?auto=format&fit=crop&w=800&q=70', 0);
INSERT INTO product_images (product_id, path, url, position) VALUES ('4d5b4506-4295-4dd4-ae11-8eec475b484e', 'demo/1546868871-7041f2a55e12', 'https://images.unsplash.com/photo-1546868871-7041f2a55e12?auto=format&fit=crop&w=800&q=70', 1);
INSERT INTO products (id, seller_id, category_id, title, description, origin_country, price_fcfa, wholesale_price_fcfa, wholesale_min_qty, promo_price_fcfa, promo_ends_at, stock, min_order_qty, status) VALUES ('5de17c0c-be5f-470b-974a-b72701b836b1', '1d3890d8-f9ce-4ee1-bcbd-7e7e7435b3f6', (SELECT id FROM categories WHERE slug = 'accessoires-electroniques'), 'Power bank 20 000 mAh', 'Batterie externe charge rapide 22,5 W, double sortie USB + USB-C, écran de charge LED.', 'Chine', 15000, 12500, 5, NULL, NULL, 30, 1, 'published');
INSERT INTO product_images (product_id, path, url, position) VALUES ('5de17c0c-be5f-470b-974a-b72701b836b1', 'demo/1609091839311-d5365f9ff1c5', 'https://images.unsplash.com/photo-1609091839311-d5365f9ff1c5?auto=format&fit=crop&w=800&q=70', 0);
INSERT INTO product_images (product_id, path, url, position) VALUES ('5de17c0c-be5f-470b-974a-b72701b836b1', 'demo/1583863788434-e58a36330cf0', 'https://images.unsplash.com/photo-1583863788434-e58a36330cf0?auto=format&fit=crop&w=800&q=70', 1);
INSERT INTO products (id, seller_id, category_id, title, description, origin_country, price_fcfa, wholesale_price_fcfa, wholesale_min_qty, promo_price_fcfa, promo_ends_at, stock, min_order_qty, status) VALUES ('e9103ccd-b7b3-4d98-9ec6-8020494365e8', '1d3890d8-f9ce-4ee1-bcbd-7e7e7435b3f6', (SELECT id FROM categories WHERE slug = 'tv-audio'), 'TV LED 32" HD', 'Téléviseur LED 32 pouces HD, 2 ports HDMI, tuner TNT intégré. Livraison et installation à Lomé.', 'Chine', 95000, NULL, NULL, NULL, NULL, 8, 1, 'published');
INSERT INTO product_images (product_id, path, url, position) VALUES ('e9103ccd-b7b3-4d98-9ec6-8020494365e8', 'demo/1593359677879-a4bb92f829d1', 'https://images.unsplash.com/photo-1593359677879-a4bb92f829d1?auto=format&fit=crop&w=800&q=70', 0);
INSERT INTO product_images (product_id, path, url, position) VALUES ('e9103ccd-b7b3-4d98-9ec6-8020494365e8', 'demo/1461151304267-38535e780c79', 'https://images.unsplash.com/photo-1461151304267-38535e780c79?auto=format&fit=crop&w=800&q=70', 1);
INSERT INTO products (id, seller_id, category_id, title, description, origin_country, price_fcfa, wholesale_price_fcfa, wholesale_min_qty, promo_price_fcfa, promo_ends_at, stock, min_order_qty, status) VALUES ('333e2167-fc6c-4979-af99-35d360abcbbb', '1d3890d8-f9ce-4ee1-bcbd-7e7e7435b3f6', (SELECT id FROM categories WHERE slug = 'ordinateurs'), 'Ordinateur portable 15,6" 8 Go/256 Go', 'PC portable 15,6" FHD, 8 Go RAM, SSD 256 Go, Windows 11 — parfait bureautique et études.', 'Chine', 265000, NULL, NULL, NULL, NULL, 6, 1, 'published');
INSERT INTO product_images (product_id, path, url, position) VALUES ('333e2167-fc6c-4979-af99-35d360abcbbb', 'demo/1496181133206-80ce9b88a853', 'https://images.unsplash.com/photo-1496181133206-80ce9b88a853?auto=format&fit=crop&w=800&q=70', 0);
INSERT INTO product_images (product_id, path, url, position) VALUES ('333e2167-fc6c-4979-af99-35d360abcbbb', 'demo/1517336714731-489689fd1ca8', 'https://images.unsplash.com/photo-1517336714731-489689fd1ca8?auto=format&fit=crop&w=800&q=70', 1);
INSERT INTO products (id, seller_id, category_id, title, description, origin_country, price_fcfa, wholesale_price_fcfa, wholesale_min_qty, promo_price_fcfa, promo_ends_at, stock, min_order_qty, status) VALUES ('c0c664bc-f8e9-486d-aeb0-4a8e03c72ccb', 'd174ec9d-2397-44a8-9817-0d5af68d5d40', (SELECT id FROM categories WHERE slug = 'epicerie'), 'Riz parfumé sac 25 kg', 'Riz long grain parfumé, sac de 25 kg. Prix de gros dès 5 sacs — livraison palette possible.', 'Thaïlande', 18000, 16500, 5, NULL, NULL, 50, 1, 'published');
INSERT INTO product_images (product_id, path, url, position) VALUES ('c0c664bc-f8e9-486d-aeb0-4a8e03c72ccb', 'demo/1586201375761-83865001e31c', 'https://images.unsplash.com/photo-1586201375761-83865001e31c?auto=format&fit=crop&w=800&q=70', 0);
INSERT INTO product_images (product_id, path, url, position) VALUES ('c0c664bc-f8e9-486d-aeb0-4a8e03c72ccb', 'demo/1536304993881-ff6e9eefa2a6', 'https://images.unsplash.com/photo-1536304993881-ff6e9eefa2a6?auto=format&fit=crop&w=800&q=70', 1);
INSERT INTO products (id, seller_id, category_id, title, description, origin_country, price_fcfa, wholesale_price_fcfa, wholesale_min_qty, promo_price_fcfa, promo_ends_at, stock, min_order_qty, status) VALUES ('6e072d2f-0256-49d2-8828-6a5d0ec63149', 'd174ec9d-2397-44a8-9817-0d5af68d5d40', (SELECT id FROM categories WHERE slug = 'epicerie'), 'Gari fin de Kpalimé 5 kg', 'Gari blanc extra-fin préparé artisanalement à Kpalimé, sachet hermétique de 5 kg.', 'Togo', 3500, 3000, 10, NULL, NULL, 45, 1, 'published');
INSERT INTO product_images (product_id, path, url, position) VALUES ('6e072d2f-0256-49d2-8828-6a5d0ec63149', 'demo/1509440159596-0249088772ff', 'https://images.unsplash.com/photo-1509440159596-0249088772ff?auto=format&fit=crop&w=800&q=70', 0);
INSERT INTO product_images (product_id, path, url, position) VALUES ('6e072d2f-0256-49d2-8828-6a5d0ec63149', 'demo/1595475207225-428b62bda831', 'https://images.unsplash.com/photo-1595475207225-428b62bda831?auto=format&fit=crop&w=800&q=70', 1);
INSERT INTO products (id, seller_id, category_id, title, description, origin_country, price_fcfa, wholesale_price_fcfa, wholesale_min_qty, promo_price_fcfa, promo_ends_at, stock, min_order_qty, status) VALUES ('335e85f2-af97-4df3-a082-2acdac00e36c', 'd174ec9d-2397-44a8-9817-0d5af68d5d40', (SELECT id FROM categories WHERE slug = 'epicerie'), 'Huile rouge de palme 5 L', 'Huile de palme rouge naturelle du Togo, bidon de 5 litres, pressée artisanalement.', 'Togo', 6500, 5800, 6, NULL, NULL, 30, 1, 'published');
INSERT INTO product_images (product_id, path, url, position) VALUES ('335e85f2-af97-4df3-a082-2acdac00e36c', 'demo/1474979266404-7eaacbcd87c5', 'https://images.unsplash.com/photo-1474979266404-7eaacbcd87c5?auto=format&fit=crop&w=800&q=70', 0);
INSERT INTO product_images (product_id, path, url, position) VALUES ('335e85f2-af97-4df3-a082-2acdac00e36c', 'demo/1531945086322-64e2ffae14a6', 'https://images.unsplash.com/photo-1531945086322-64e2ffae14a6?auto=format&fit=crop&w=800&q=70', 1);
INSERT INTO products (id, seller_id, category_id, title, description, origin_country, price_fcfa, wholesale_price_fcfa, wholesale_min_qty, promo_price_fcfa, promo_ends_at, stock, min_order_qty, status) VALUES ('fe1fb871-9a95-471c-a2d7-628904a86bfc', 'd174ec9d-2397-44a8-9817-0d5af68d5d40', (SELECT id FROM categories WHERE slug = 'epicerie'), 'Piment moulu & épices 500 g', 'Mélange maison : piment fort séché, gingembre, ail et épices moulus. Sachet 500 g.', 'Togo', 2000, NULL, NULL, NULL, NULL, 60, 1, 'published');
INSERT INTO product_images (product_id, path, url, position) VALUES ('fe1fb871-9a95-471c-a2d7-628904a86bfc', 'demo/1596040033229-a9821ebd058d', 'https://images.unsplash.com/photo-1596040033229-a9821ebd058d?auto=format&fit=crop&w=800&q=70', 0);
INSERT INTO product_images (product_id, path, url, position) VALUES ('fe1fb871-9a95-471c-a2d7-628904a86bfc', 'demo/1509358271058-acd22cc93898', 'https://images.unsplash.com/photo-1509358271058-acd22cc93898?auto=format&fit=crop&w=800&q=70', 1);
INSERT INTO products (id, seller_id, category_id, title, description, origin_country, price_fcfa, wholesale_price_fcfa, wholesale_min_qty, promo_price_fcfa, promo_ends_at, stock, min_order_qty, status) VALUES ('2561ed42-1378-4fae-8ed0-30eaf4cd84e5', 'd174ec9d-2397-44a8-9817-0d5af68d5d40', (SELECT id FROM categories WHERE slug = 'epicerie'), 'Miel naturel des plateaux 1 L', 'Miel pur récolté sur les plateaux de Danyi, non chauffé, non filtré. Pot d''un litre.', 'Togo', 4500, NULL, NULL, NULL, NULL, 20, 1, 'published');
INSERT INTO product_images (product_id, path, url, position) VALUES ('2561ed42-1378-4fae-8ed0-30eaf4cd84e5', 'demo/1587049352846-4a222e784d38', 'https://images.unsplash.com/photo-1587049352846-4a222e784d38?auto=format&fit=crop&w=800&q=70', 0);
INSERT INTO product_images (product_id, path, url, position) VALUES ('2561ed42-1378-4fae-8ed0-30eaf4cd84e5', 'demo/1558642452-9d2a7deb7f62', 'https://images.unsplash.com/photo-1558642452-9d2a7deb7f62?auto=format&fit=crop&w=800&q=70', 1);
INSERT INTO products (id, seller_id, category_id, title, description, origin_country, price_fcfa, wholesale_price_fcfa, wholesale_min_qty, promo_price_fcfa, promo_ends_at, stock, min_order_qty, status) VALUES ('8b511554-75a6-4b97-bc88-0897e2d7ef07', 'd174ec9d-2397-44a8-9817-0d5af68d5d40', (SELECT id FROM categories WHERE slug = 'boissons'), 'Jus de bissap frais — pack de 6', 'Jus d''hibiscus maison légèrement gingembré, bouteilles de 50 cl. Pack de 6, à garder au frais.', 'Togo', 3000, 2500, 4, NULL, NULL, 25, 1, 'published');
INSERT INTO product_images (product_id, path, url, position) VALUES ('8b511554-75a6-4b97-bc88-0897e2d7ef07', 'demo/1544145945-f90425340c7e', 'https://images.unsplash.com/photo-1544145945-f90425340c7e?auto=format&fit=crop&w=800&q=70', 0);
INSERT INTO product_images (product_id, path, url, position) VALUES ('8b511554-75a6-4b97-bc88-0897e2d7ef07', 'demo/1600271886742-f049cd451bba', 'https://images.unsplash.com/photo-1600271886742-f049cd451bba?auto=format&fit=crop&w=800&q=70', 1);
INSERT INTO products (id, seller_id, category_id, title, description, origin_country, price_fcfa, wholesale_price_fcfa, wholesale_min_qty, promo_price_fcfa, promo_ends_at, stock, min_order_qty, status) VALUES ('f461227d-1053-454d-8f2b-fde66c331d95', 'b9229a75-088d-4789-9b9e-b8c1a3a51a28', (SELECT id FROM categories WHERE slug = 'meubles'), 'Canapé 3 places tissu', 'Canapé 3 places structure bois massif, coussins déhoussables, tissu anti-taches. Fabriqué à Lomé.', 'Togo', 185000, NULL, NULL, NULL, NULL, 4, 1, 'published');
INSERT INTO product_images (product_id, path, url, position) VALUES ('f461227d-1053-454d-8f2b-fde66c331d95', 'demo/1555041469-a586c61ea9bc', 'https://images.unsplash.com/photo-1555041469-a586c61ea9bc?auto=format&fit=crop&w=800&q=70', 0);
INSERT INTO product_images (product_id, path, url, position) VALUES ('f461227d-1053-454d-8f2b-fde66c331d95', 'demo/1567538096630-e0c55bd6374c', 'https://images.unsplash.com/photo-1567538096630-e0c55bd6374c?auto=format&fit=crop&w=800&q=70', 1);
INSERT INTO products (id, seller_id, category_id, title, description, origin_country, price_fcfa, wholesale_price_fcfa, wholesale_min_qty, promo_price_fcfa, promo_ends_at, stock, min_order_qty, status) VALUES ('195a50ad-2827-46c6-9e52-078b27255fa7', 'b9229a75-088d-4789-9b9e-b8c1a3a51a28', (SELECT id FROM categories WHERE slug = 'decoration'), 'Lampe de table en raphia', 'Lampe artisanale, abat-jour en raphia tressé, pied bois. Lumière chaude, douille E27.', 'Togo', 14500, NULL, NULL, NULL, NULL, 12, 1, 'published');
INSERT INTO product_images (product_id, path, url, position) VALUES ('195a50ad-2827-46c6-9e52-078b27255fa7', 'demo/1507473885765-e6ed057f782c', 'https://images.unsplash.com/photo-1507473885765-e6ed057f782c?auto=format&fit=crop&w=800&q=70', 0);
INSERT INTO product_images (product_id, path, url, position) VALUES ('195a50ad-2827-46c6-9e52-078b27255fa7', 'demo/1513506003901-1e6a229e2d15', 'https://images.unsplash.com/photo-1513506003901-1e6a229e2d15?auto=format&fit=crop&w=800&q=70', 1);
INSERT INTO products (id, seller_id, category_id, title, description, origin_country, price_fcfa, wholesale_price_fcfa, wholesale_min_qty, promo_price_fcfa, promo_ends_at, stock, min_order_qty, status) VALUES ('781e3aa6-1bc3-47a9-bae7-698bdd3b081a', 'b9229a75-088d-4789-9b9e-b8c1a3a51a28', (SELECT id FROM categories WHERE slug = 'ustensiles-cuisine'), 'Batterie de cuisine 12 pièces', 'Set de 12 pièces en inox : marmites, faitouts et poêles, fonds épais compatibles tous feux.', 'Chine', 32000, 28000, 3, NULL, NULL, 15, 1, 'published');
INSERT INTO product_images (product_id, path, url, position) VALUES ('781e3aa6-1bc3-47a9-bae7-698bdd3b081a', 'demo/1556911220-bff31c812dba', 'https://images.unsplash.com/photo-1556911220-bff31c812dba?auto=format&fit=crop&w=800&q=70', 0);
INSERT INTO products (id, seller_id, category_id, title, description, origin_country, price_fcfa, wholesale_price_fcfa, wholesale_min_qty, promo_price_fcfa, promo_ends_at, stock, min_order_qty, status) VALUES ('a92e2b99-f888-45c3-8594-03171f137b01', 'b9229a75-088d-4789-9b9e-b8c1a3a51a28', (SELECT id FROM categories WHERE slug = 'electromenager'), 'Ventilateur sur pied 16"', 'Ventilateur oscillant 3 vitesses, hauteur réglable, grille de sécurité. Indispensable à Lomé.', 'Chine', 24000, 21000, 4, NULL, NULL, 22, 1, 'published');
INSERT INTO product_images (product_id, path, url, position) VALUES ('a92e2b99-f888-45c3-8594-03171f137b01', 'demo/1594736797933-d0501ba2fe65', 'https://images.unsplash.com/photo-1594736797933-d0501ba2fe65?auto=format&fit=crop&w=800&q=70', 0);
INSERT INTO products (id, seller_id, category_id, title, description, origin_country, price_fcfa, wholesale_price_fcfa, wholesale_min_qty, promo_price_fcfa, promo_ends_at, stock, min_order_qty, status) VALUES ('c80bc5b1-3652-4e58-85dd-77108ef57df8', 'b9229a75-088d-4789-9b9e-b8c1a3a51a28', (SELECT id FROM categories WHERE slug = 'electromenager'), 'Blender 1,5 L 400 W', 'Mixeur bol verre 1,5 L, 2 vitesses + pulse, lames inox — jus, bouillies et sauces en un geste.', 'Chine', 18500, NULL, NULL, 14800, now() + interval '2 days', 16, 1, 'published');
INSERT INTO product_images (product_id, path, url, position) VALUES ('c80bc5b1-3652-4e58-85dd-77108ef57df8', 'demo/1570222094114-d054a817e56b', 'https://images.unsplash.com/photo-1570222094114-d054a817e56b?auto=format&fit=crop&w=800&q=70', 0);
INSERT INTO product_images (product_id, path, url, position) VALUES ('c80bc5b1-3652-4e58-85dd-77108ef57df8', 'demo/1622480916113-9000ac49b79d', 'https://images.unsplash.com/photo-1622480916113-9000ac49b79d?auto=format&fit=crop&w=800&q=70', 1);
INSERT INTO products (id, seller_id, category_id, title, description, origin_country, price_fcfa, wholesale_price_fcfa, wholesale_min_qty, promo_price_fcfa, promo_ends_at, stock, min_order_qty, status) VALUES ('1ee726ec-800e-4452-9024-786a9dccfabd', 'b9229a75-088d-4789-9b9e-b8c1a3a51a28', (SELECT id FROM categories WHERE slug = 'cosmetiques'), 'Beurre de karité pur 500 g', 'Beurre de karité 100 % naturel des groupements de femmes de la Kara. Pot de 500 g, non raffiné.', 'Togo', 3000, 2500, 10, NULL, NULL, 50, 1, 'published');
INSERT INTO product_images (product_id, path, url, position) VALUES ('1ee726ec-800e-4452-9024-786a9dccfabd', 'demo/1556228453-efd6c1ff04f6', 'https://images.unsplash.com/photo-1556228453-efd6c1ff04f6?auto=format&fit=crop&w=800&q=70', 0);
INSERT INTO product_images (product_id, path, url, position) VALUES ('1ee726ec-800e-4452-9024-786a9dccfabd', 'demo/1608248543803-ba4f8c70ae0b', 'https://images.unsplash.com/photo-1608248543803-ba4f8c70ae0b?auto=format&fit=crop&w=800&q=70', 1);
INSERT INTO products (id, seller_id, category_id, title, description, origin_country, price_fcfa, wholesale_price_fcfa, wholesale_min_qty, promo_price_fcfa, promo_ends_at, stock, min_order_qty, status) VALUES ('097edd17-8638-438b-81d9-2e8a741f209a', 'b9229a75-088d-4789-9b9e-b8c1a3a51a28', (SELECT id FROM categories WHERE slug = 'hygiene'), 'Savon noir artisanal — lot de 3', 'Savon noir traditionnel (alata simena) aux huiles végétales, lot de 3 pains de 150 g.', 'Togo', 1500, 1200, 12, NULL, NULL, 60, 1, 'published');
INSERT INTO product_images (product_id, path, url, position) VALUES ('097edd17-8638-438b-81d9-2e8a741f209a', 'demo/1600857544200-b2f666a9a2ec', 'https://images.unsplash.com/photo-1600857544200-b2f666a9a2ec?auto=format&fit=crop&w=800&q=70', 0);
INSERT INTO product_images (product_id, path, url, position) VALUES ('097edd17-8638-438b-81d9-2e8a741f209a', 'demo/1607006344380-b6775a0824a7', 'https://images.unsplash.com/photo-1607006344380-b6775a0824a7?auto=format&fit=crop&w=800&q=70', 1);
INSERT INTO products (id, seller_id, category_id, title, description, origin_country, price_fcfa, wholesale_price_fcfa, wholesale_min_qty, promo_price_fcfa, promo_ends_at, stock, min_order_qty, status) VALUES ('b72602c0-9294-424b-bbe0-167e2a836c3d', 'b9229a75-088d-4789-9b9e-b8c1a3a51a28', (SELECT id FROM categories WHERE slug = 'parfums'), 'Eau de toilette « Nuit d''Afrique » 100 ml', 'Eau de toilette boisée-ambrée, flacon 100 ml. Tenue longue durée, coffret cadeau offert.', 'France', 13500, NULL, NULL, NULL, NULL, 18, 1, 'published');
INSERT INTO product_images (product_id, path, url, position) VALUES ('b72602c0-9294-424b-bbe0-167e2a836c3d', 'demo/1541643600914-78b084683601', 'https://images.unsplash.com/photo-1541643600914-78b084683601?auto=format&fit=crop&w=800&q=70', 0);
INSERT INTO product_images (product_id, path, url, position) VALUES ('b72602c0-9294-424b-bbe0-167e2a836c3d', 'demo/1585386959984-a4155224a1ad', 'https://images.unsplash.com/photo-1585386959984-a4155224a1ad?auto=format&fit=crop&w=800&q=70', 1);
INSERT INTO products (id, seller_id, category_id, title, description, origin_country, price_fcfa, wholesale_price_fcfa, wholesale_min_qty, promo_price_fcfa, promo_ends_at, stock, min_order_qty, status) VALUES ('afb5d3d8-294f-4d1b-a0ae-ad5f8ca8a9b0', 'fa07b783-4746-42c1-848d-c5f4e6a37f56', (SELECT id FROM categories WHERE slug = 'equipement-sportif'), 'Ballon de football taille 5', 'Ballon cousu machine taille 5, vessie butyle, adapté terrains durs des quartiers.', 'Pakistan', 8500, 7000, 6, 7200, now() + interval '6 days', 30, 1, 'published');
INSERT INTO product_images (product_id, path, url, position) VALUES ('afb5d3d8-294f-4d1b-a0ae-ad5f8ca8a9b0', 'demo/1579952363873-27f3bade9f55', 'https://images.unsplash.com/photo-1579952363873-27f3bade9f55?auto=format&fit=crop&w=800&q=70', 0);
INSERT INTO product_images (product_id, path, url, position) VALUES ('afb5d3d8-294f-4d1b-a0ae-ad5f8ca8a9b0', 'demo/1614632537190-23e4146777db', 'https://images.unsplash.com/photo-1614632537190-23e4146777db?auto=format&fit=crop&w=800&q=70', 1);
INSERT INTO products (id, seller_id, category_id, title, description, origin_country, price_fcfa, wholesale_price_fcfa, wholesale_min_qty, promo_price_fcfa, promo_ends_at, stock, min_order_qty, status) VALUES ('611a51fd-972a-4fdc-9a20-8071f35a8851', 'fa07b783-4746-42c1-848d-c5f4e6a37f56', (SELECT id FROM categories WHERE slug = 'equipement-sportif'), 'Baskets running homme', 'Chaussures de course légères, semelle amortissante, mesh respirant. Pointures 40-46.', 'Chine', 26000, NULL, NULL, 19500, now() + interval '5 days', 20, 1, 'published');
INSERT INTO product_images (product_id, path, url, position) VALUES ('611a51fd-972a-4fdc-9a20-8071f35a8851', 'demo/1542291026-7eec264c27ff', 'https://images.unsplash.com/photo-1542291026-7eec264c27ff?auto=format&fit=crop&w=800&q=70', 0);
INSERT INTO product_images (product_id, path, url, position) VALUES ('611a51fd-972a-4fdc-9a20-8071f35a8851', 'demo/1595950653106-6c9ebd614d3a', 'https://images.unsplash.com/photo-1595950653106-6c9ebd614d3a?auto=format&fit=crop&w=800&q=70', 1);
INSERT INTO products (id, seller_id, category_id, title, description, origin_country, price_fcfa, wholesale_price_fcfa, wholesale_min_qty, promo_price_fcfa, promo_ends_at, stock, min_order_qty, status) VALUES ('2439fbf3-7def-48bf-8d16-3a3dbe0a0631', 'fa07b783-4746-42c1-848d-c5f4e6a37f56', (SELECT id FROM categories WHERE slug = 'equipement-sportif'), 'Vélo VTT 26" 21 vitesses', 'VTT cadre acier 26 pouces, 21 vitesses Shimano, freins V-brake, porte-bagages inclus.', 'Chine', 145000, NULL, NULL, NULL, NULL, 5, 1, 'published');
INSERT INTO product_images (product_id, path, url, position) VALUES ('2439fbf3-7def-48bf-8d16-3a3dbe0a0631', 'demo/1485965120184-e220f721d03e', 'https://images.unsplash.com/photo-1485965120184-e220f721d03e?auto=format&fit=crop&w=800&q=70', 0);
INSERT INTO product_images (product_id, path, url, position) VALUES ('2439fbf3-7def-48bf-8d16-3a3dbe0a0631', 'demo/1532298229144-0ec0c57515c7', 'https://images.unsplash.com/photo-1532298229144-0ec0c57515c7?auto=format&fit=crop&w=800&q=70', 1);
INSERT INTO products (id, seller_id, category_id, title, description, origin_country, price_fcfa, wholesale_price_fcfa, wholesale_min_qty, promo_price_fcfa, promo_ends_at, stock, min_order_qty, status) VALUES ('2cf04edd-a821-4cc3-b6c0-ac0ecaccb2cb', 'fa07b783-4746-42c1-848d-c5f4e6a37f56', (SELECT id FROM categories WHERE slug = 'accessoires-moto'), 'Casque moto intégral homologué', 'Casque intégral homologué, visière anti-rayures, mousses démontables. Tailles M à XL.', 'Chine', 18000, 15500, 4, NULL, NULL, 15, 1, 'published');
INSERT INTO product_images (product_id, path, url, position) VALUES ('2cf04edd-a821-4cc3-b6c0-ac0ecaccb2cb', 'demo/1591637333184-19aa84b3e01f', 'https://images.unsplash.com/photo-1591637333184-19aa84b3e01f?auto=format&fit=crop&w=800&q=70', 0);
INSERT INTO product_images (product_id, path, url, position) VALUES ('2cf04edd-a821-4cc3-b6c0-ac0ecaccb2cb', 'demo/1558981403-c5f9899a28bc', 'https://images.unsplash.com/photo-1558981403-c5f9899a28bc?auto=format&fit=crop&w=800&q=70', 1);
INSERT INTO products (id, seller_id, category_id, title, description, origin_country, price_fcfa, wholesale_price_fcfa, wholesale_min_qty, promo_price_fcfa, promo_ends_at, stock, min_order_qty, status) VALUES ('c45dda01-e83a-4475-8813-0234d63ad16f', 'fa07b783-4746-42c1-848d-c5f4e6a37f56', (SELECT id FROM categories WHERE slug = 'pneus-batteries'), 'Pneu moto 90/90-17 renforcé', 'Pneu arrière renforcé 90/90-17 pour taxis-motos, gomme dure longue durée, tubeless.', 'Chine', 16500, 14500, 4, NULL, NULL, 24, 1, 'published');
INSERT INTO product_images (product_id, path, url, position) VALUES ('c45dda01-e83a-4475-8813-0234d63ad16f', 'demo/1558618666-fcd25c85cd64', 'https://images.unsplash.com/photo-1558618666-fcd25c85cd64?auto=format&fit=crop&w=800&q=70', 0);
INSERT INTO product_images (product_id, path, url, position) VALUES ('c45dda01-e83a-4475-8813-0234d63ad16f', 'demo/1568772585407-9361f9bf3a87', 'https://images.unsplash.com/photo-1568772585407-9361f9bf3a87?auto=format&fit=crop&w=800&q=70', 1);
INSERT INTO products (id, seller_id, category_id, title, description, origin_country, price_fcfa, wholesale_price_fcfa, wholesale_min_qty, promo_price_fcfa, promo_ends_at, stock, min_order_qty, status) VALUES ('d9971412-289f-4fc8-af48-952234f016a1', 'fa07b783-4746-42c1-848d-c5f4e6a37f56', (SELECT id FROM categories WHERE slug = 'jouets'), 'Jeu de construction en bois 80 pièces', 'Blocs de construction en bois peint non toxique, 80 pièces, dès 3 ans. Sac de rangement inclus.', 'Chine', 7500, NULL, NULL, NULL, NULL, 18, 1, 'published');
INSERT INTO product_images (product_id, path, url, position) VALUES ('d9971412-289f-4fc8-af48-952234f016a1', 'demo/1587654780291-39c9404d746b', 'https://images.unsplash.com/photo-1587654780291-39c9404d746b?auto=format&fit=crop&w=800&q=70', 0);
INSERT INTO product_images (product_id, path, url, position) VALUES ('d9971412-289f-4fc8-af48-952234f016a1', 'demo/1558060370-d644479cb6f7', 'https://images.unsplash.com/photo-1558060370-d644479cb6f7?auto=format&fit=crop&w=800&q=70', 1);
INSERT INTO products (id, seller_id, category_id, title, description, origin_country, price_fcfa, wholesale_price_fcfa, wholesale_min_qty, promo_price_fcfa, promo_ends_at, stock, min_order_qty, status) VALUES ('74ae6701-12e7-4e62-b8a1-ca31101fdb9b', 'fa07b783-4746-42c1-848d-c5f4e6a37f56', (SELECT id FROM categories WHERE slug = 'puericulture'), 'Kit biberons anti-coliques (x3)', 'Trois biberons 260 ml anti-coliques sans BPA, tétines débit variable, goupillon offert.', 'Chine', 5500, NULL, NULL, NULL, NULL, 22, 1, 'published');
INSERT INTO product_images (product_id, path, url, position) VALUES ('74ae6701-12e7-4e62-b8a1-ca31101fdb9b', 'demo/1544126592-807ade215a0b', 'https://images.unsplash.com/photo-1544126592-807ade215a0b?auto=format&fit=crop&w=800&q=70', 0);
INSERT INTO product_images (product_id, path, url, position) VALUES ('74ae6701-12e7-4e62-b8a1-ca31101fdb9b', 'demo/1515488042361-ee00e0ddd4e4', 'https://images.unsplash.com/photo-1515488042361-ee00e0ddd4e4?auto=format&fit=crop&w=800&q=70', 1);
INSERT INTO products (id, seller_id, category_id, title, description, origin_country, price_fcfa, wholesale_price_fcfa, wholesale_min_qty, promo_price_fcfa, promo_ends_at, stock, min_order_qty, status) VALUES ('34387b8d-8ec0-4b15-885d-d344c81e0034', 'fa07b783-4746-42c1-848d-c5f4e6a37f56', (SELECT id FROM categories WHERE slug = 'vetements-enfants'), 'Ensemble enfant wax 2 pièces', 'Ensemble haut + short en wax pour enfants de 2 à 8 ans, coutures renforcées, couleurs vives.', 'Togo', 6500, 5500, 6, NULL, NULL, 25, 1, 'published');
INSERT INTO product_images (product_id, path, url, position) VALUES ('34387b8d-8ec0-4b15-885d-d344c81e0034', 'demo/1522771930-78848d9293e8', 'https://images.unsplash.com/photo-1522771930-78848d9293e8?auto=format&fit=crop&w=800&q=70', 0);
COMMIT;
