-- Catalogue de DÉMONSTRATION Deal Lomé — généré automatiquement.
-- Nettoyage complet : DELETE FROM users WHERE firebase_uid LIKE 'demo-seller-%';
BEGIN;
DELETE FROM users WHERE firebase_uid LIKE 'demo-seller-%';
INSERT INTO users (id, firebase_uid, email, full_name, status) VALUES ('d5bd9673-8c5c-47ac-84bf-9a615063cd41', 'demo-seller-1', 'demo-seller-1@deallome.demo', 'Wax & Style Assigamé', 'active');
INSERT INTO seller_profiles (id, user_id, shop_name, shop_description, city, district, contact_phone, id_document_path, status, reviewed_at) VALUES ('b70a65da-c300-4364-b471-4cb2d31d2407', 'd5bd9673-8c5c-47ac-84bf-9a615063cd41', 'Wax & Style Assigamé', 'Tissus wax, tenues cousues main et accessoires du Grand Marché de Lomé.', 'Lomé', 'Assigamé', '+22890110001', 'demo/aucun', 'approved', now());
INSERT INTO users (id, firebase_uid, email, full_name, status) VALUES ('e5348836-9cb9-4b86-bdc9-be7219ab9c08', 'demo-seller-2', 'demo-seller-2@deallome.demo', 'Lomé Tech Store', 'active');
INSERT INTO seller_profiles (id, user_id, shop_name, shop_description, city, district, contact_phone, id_document_path, status, reviewed_at) VALUES ('f423f8b5-32b1-4508-85e1-95ba8ebe24eb', 'e5348836-9cb9-4b86-bdc9-be7219ab9c08', 'Lomé Tech Store', 'Téléphones, accessoires et électronique garantis, au meilleur prix de Bè.', 'Lomé', 'Bè', '+22890110002', 'demo/aucun', 'approved', now());
INSERT INTO users (id, firebase_uid, email, full_name, status) VALUES ('53383a09-e0c6-4a91-a396-605d9ffa1383', 'demo-seller-3', 'demo-seller-3@deallome.demo', 'Chez Mama Afi', 'active');
INSERT INTO seller_profiles (id, user_id, shop_name, shop_description, city, district, contact_phone, id_document_path, status, reviewed_at) VALUES ('0394f72c-c416-4686-b0b8-7bd74aa6a260', '53383a09-e0c6-4a91-a396-605d9ffa1383', 'Chez Mama Afi', 'Épicerie de quartier : riz, gari, huile rouge et produits frais de Tokoin.', 'Lomé', 'Tokoin', '+22890110003', 'demo/aucun', 'approved', now());
INSERT INTO users (id, firebase_uid, email, full_name, status) VALUES ('c5c9af7d-d96c-4b97-9e16-6035d5ac309d', 'demo-seller-4', 'demo-seller-4@deallome.demo', 'Maison Douce Lomé', 'active');
INSERT INTO seller_profiles (id, user_id, shop_name, shop_description, city, district, contact_phone, id_document_path, status, reviewed_at) VALUES ('a000b0b4-0219-443a-8144-e368417cc4c9', 'c5c9af7d-d96c-4b97-9e16-6035d5ac309d', 'Maison Douce Lomé', 'Meubles, électroménager et cosmétiques naturels pour la maison, à Adidogomé.', 'Lomé', 'Adidogomé', '+22890110004', 'demo/aucun', 'approved', now());
INSERT INTO users (id, firebase_uid, email, full_name, status) VALUES ('eb4cc27a-94bc-4f71-97cf-cf8b8b7ee41f', 'demo-seller-5', 'demo-seller-5@deallome.demo', 'Sport & Go Togo', 'active');
INSERT INTO seller_profiles (id, user_id, shop_name, shop_description, city, district, contact_phone, id_document_path, status, reviewed_at) VALUES ('cad8dccf-a16a-45eb-a636-338e8686cdd2', 'eb4cc27a-94bc-4f71-97cf-cf8b8b7ee41f', 'Sport & Go Togo', 'Équipement sportif, vélos et accessoires moto à Agbalépédogan.', 'Lomé', 'Agbalépédogan', '+22890110005', 'demo/aucun', 'approved', now());
INSERT INTO products (id, seller_id, category_id, title, description, origin_country, price_fcfa, wholesale_price_fcfa, wholesale_min_qty, stock, min_order_qty, status) VALUES ('831cd771-c179-4109-b022-47680bb62890', 'b70a65da-c300-4364-b471-4cb2d31d2407', (SELECT id FROM categories WHERE slug = 'tissus-pagnes'), 'Pagne wax 6 yards « Soleil de Lomé »', 'Véritable wax hollandais 6 yards, motifs éclatants. Idéal pour tenues de cérémonie ou couture sur mesure.', 'Ghana', 18500, 15500, 10, 40, 1, 'published');
INSERT INTO product_images (product_id, path, url, position) VALUES ('831cd771-c179-4109-b022-47680bb62890', 'demo/1523381210434-271e8be1f52b', 'https://images.unsplash.com/photo-1523381210434-271e8be1f52b?auto=format&fit=crop&w=800&q=70', 0);
INSERT INTO products (id, seller_id, category_id, title, description, origin_country, price_fcfa, wholesale_price_fcfa, wholesale_min_qty, stock, min_order_qty, status) VALUES ('9da3fc6b-80fa-4bbd-882c-ad4248aff977', 'b70a65da-c300-4364-b471-4cb2d31d2407', (SELECT id FROM categories WHERE slug = 'vetements-femme'), 'Robe en wax cousue main', 'Robe cintrée en wax, coupe moderne cousue par nos couturières d''Assigamé. Tailles S à XL.', 'Togo', 17500, NULL, NULL, 12, 1, 'published');
INSERT INTO product_images (product_id, path, url, position) VALUES ('9da3fc6b-80fa-4bbd-882c-ad4248aff977', 'demo/1595777457583-95e059d581b8', 'https://images.unsplash.com/photo-1595777457583-95e059d581b8?auto=format&fit=crop&w=800&q=70', 0);
INSERT INTO product_images (product_id, path, url, position) VALUES ('9da3fc6b-80fa-4bbd-882c-ad4248aff977', 'demo/1572804013309-59a88b7e92f1', 'https://images.unsplash.com/photo-1572804013309-59a88b7e92f1?auto=format&fit=crop&w=800&q=70', 1);
INSERT INTO products (id, seller_id, category_id, title, description, origin_country, price_fcfa, wholesale_price_fcfa, wholesale_min_qty, stock, min_order_qty, status) VALUES ('f93aaf84-3c72-4224-bc3b-43fde8a17146', 'b70a65da-c300-4364-b471-4cb2d31d2407', (SELECT id FROM categories WHERE slug = 'vetements-homme'), 'Chemise homme en wax', 'Chemise manches courtes en wax coton, doublure légère — élégance togolaise au bureau comme en ville.', 'Togo', 12000, 10000, 5, 20, 1, 'published');
INSERT INTO product_images (product_id, path, url, position) VALUES ('f93aaf84-3c72-4224-bc3b-43fde8a17146', 'demo/1602810318383-e386cc2a3ccf', 'https://images.unsplash.com/photo-1602810318383-e386cc2a3ccf?auto=format&fit=crop&w=800&q=70', 0);
INSERT INTO products (id, seller_id, category_id, title, description, origin_country, price_fcfa, wholesale_price_fcfa, wholesale_min_qty, stock, min_order_qty, status) VALUES ('ce43bb28-87be-4eeb-93d7-12353d68c7ca', 'b70a65da-c300-4364-b471-4cb2d31d2407', (SELECT id FROM categories WHERE slug = 'sacs-accessoires'), 'Sac à main perlé artisanal', 'Sac à main tissé et perlé à la main, doublure tissu, anses renforcées.', 'Togo', 9500, NULL, NULL, 15, 1, 'published');
INSERT INTO product_images (product_id, path, url, position) VALUES ('ce43bb28-87be-4eeb-93d7-12353d68c7ca', 'demo/1584917865442-de89df76afd3', 'https://images.unsplash.com/photo-1584917865442-de89df76afd3?auto=format&fit=crop&w=800&q=70', 0);
INSERT INTO product_images (product_id, path, url, position) VALUES ('ce43bb28-87be-4eeb-93d7-12353d68c7ca', 'demo/1566150905458-1bf1fc113f0d', 'https://images.unsplash.com/photo-1566150905458-1bf1fc113f0d?auto=format&fit=crop&w=800&q=70', 1);
INSERT INTO products (id, seller_id, category_id, title, description, origin_country, price_fcfa, wholesale_price_fcfa, wholesale_min_qty, stock, min_order_qty, status) VALUES ('4eba6d4a-5331-44ae-b785-11317a04f6ab', 'b70a65da-c300-4364-b471-4cb2d31d2407', (SELECT id FROM categories WHERE slug = 'chaussures'), 'Sandales en cuir artisanales', 'Sandales en cuir véritable cousues main, semelle antidérapante. Pointures 38-45.', 'Togo', 7500, 6500, 6, 25, 1, 'published');
INSERT INTO product_images (product_id, path, url, position) VALUES ('4eba6d4a-5331-44ae-b785-11317a04f6ab', 'demo/1603487742131-4160ec999306', 'https://images.unsplash.com/photo-1603487742131-4160ec999306?auto=format&fit=crop&w=800&q=70', 0);
INSERT INTO product_images (product_id, path, url, position) VALUES ('4eba6d4a-5331-44ae-b785-11317a04f6ab', 'demo/1560343090-f0409e92791a', 'https://images.unsplash.com/photo-1560343090-f0409e92791a?auto=format&fit=crop&w=800&q=70', 1);
INSERT INTO products (id, seller_id, category_id, title, description, origin_country, price_fcfa, wholesale_price_fcfa, wholesale_min_qty, stock, min_order_qty, status) VALUES ('af7ff472-45da-4828-a94d-c378237f2993', 'b70a65da-c300-4364-b471-4cb2d31d2407', (SELECT id FROM categories WHERE slug = 'vetements-homme'), 'T-shirt coton premium uni', 'T-shirt 100 % coton peigné 180 g, coupe droite. Blanc, noir ou bleu nuit.', 'Chine', 3500, 2800, 12, 60, 1, 'published');
INSERT INTO product_images (product_id, path, url, position) VALUES ('af7ff472-45da-4828-a94d-c378237f2993', 'demo/1521572163474-6864f9cf17ab', 'https://images.unsplash.com/photo-1521572163474-6864f9cf17ab?auto=format&fit=crop&w=800&q=70', 0);
INSERT INTO products (id, seller_id, category_id, title, description, origin_country, price_fcfa, wholesale_price_fcfa, wholesale_min_qty, stock, min_order_qty, status) VALUES ('06166f79-5a19-4fc5-a556-0d5e195e3c63', 'f423f8b5-32b1-4508-85e1-95ba8ebe24eb', (SELECT id FROM categories WHERE slug = 'telephones-tablettes'), 'Smartphone Android 6,6" 128 Go', 'Écran 6,6" HD+, 128 Go de stockage, double SIM 4G, batterie 5000 mAh. Garantie boutique 6 mois.', 'Chine', 85000, 79000, 5, 18, 1, 'published');
INSERT INTO product_images (product_id, path, url, position) VALUES ('06166f79-5a19-4fc5-a556-0d5e195e3c63', 'demo/1511707171634-5f897ff02aa9', 'https://images.unsplash.com/photo-1511707171634-5f897ff02aa9?auto=format&fit=crop&w=800&q=70', 0);
INSERT INTO product_images (product_id, path, url, position) VALUES ('06166f79-5a19-4fc5-a556-0d5e195e3c63', 'demo/1592750475338-74b7b21085ab', 'https://images.unsplash.com/photo-1592750475338-74b7b21085ab?auto=format&fit=crop&w=800&q=70', 1);
INSERT INTO product_images (product_id, path, url, position) VALUES ('06166f79-5a19-4fc5-a556-0d5e195e3c63', 'demo/1601784551446-20c9e07cdbdb', 'https://images.unsplash.com/photo-1601784551446-20c9e07cdbdb?auto=format&fit=crop&w=800&q=70', 2);
INSERT INTO products (id, seller_id, category_id, title, description, origin_country, price_fcfa, wholesale_price_fcfa, wholesale_min_qty, stock, min_order_qty, status) VALUES ('4a06baec-1e93-4a46-8c6c-800cef9c0ff6', 'f423f8b5-32b1-4508-85e1-95ba8ebe24eb', (SELECT id FROM categories WHERE slug = 'accessoires-electroniques'), 'Écouteurs Bluetooth sans fil', 'Écouteurs intra-auriculaires Bluetooth 5.3, boîtier de charge, autonomie 24 h, micro intégré.', 'Chine', 12500, 10500, 6, 35, 1, 'published');
INSERT INTO product_images (product_id, path, url, position) VALUES ('4a06baec-1e93-4a46-8c6c-800cef9c0ff6', 'demo/1590658268037-6bf12165a8df', 'https://images.unsplash.com/photo-1590658268037-6bf12165a8df?auto=format&fit=crop&w=800&q=70', 0);
INSERT INTO product_images (product_id, path, url, position) VALUES ('4a06baec-1e93-4a46-8c6c-800cef9c0ff6', 'demo/1606220945770-b5b6c2c55bf1', 'https://images.unsplash.com/photo-1606220945770-b5b6c2c55bf1?auto=format&fit=crop&w=800&q=70', 1);
INSERT INTO products (id, seller_id, category_id, title, description, origin_country, price_fcfa, wholesale_price_fcfa, wholesale_min_qty, stock, min_order_qty, status) VALUES ('3d2d040d-ef1d-4a46-b33b-5ec5e4d38a8c', 'f423f8b5-32b1-4508-85e1-95ba8ebe24eb', (SELECT id FROM categories WHERE slug = 'accessoires-electroniques'), 'Casque audio à réduction de bruit', 'Casque circum-aural Bluetooth, réduction de bruit active, 30 h d''autonomie, pliable.', 'Chine', 22000, NULL, NULL, 14, 1, 'published');
INSERT INTO product_images (product_id, path, url, position) VALUES ('3d2d040d-ef1d-4a46-b33b-5ec5e4d38a8c', 'demo/1505740420928-5e560c06d30e', 'https://images.unsplash.com/photo-1505740420928-5e560c06d30e?auto=format&fit=crop&w=800&q=70', 0);
INSERT INTO product_images (product_id, path, url, position) VALUES ('3d2d040d-ef1d-4a46-b33b-5ec5e4d38a8c', 'demo/1546435770-a3e426bf472b', 'https://images.unsplash.com/photo-1546435770-a3e426bf472b?auto=format&fit=crop&w=800&q=70', 1);
INSERT INTO products (id, seller_id, category_id, title, description, origin_country, price_fcfa, wholesale_price_fcfa, wholesale_min_qty, stock, min_order_qty, status) VALUES ('c5f56168-45d5-4934-904d-1d27c4b755fe', 'f423f8b5-32b1-4508-85e1-95ba8ebe24eb', (SELECT id FROM categories WHERE slug = 'accessoires-electroniques'), 'Montre connectée sport', 'Écran AMOLED 1,43", suivi cardio/sommeil, notifications, étanche 5 ATM, bracelet silicone.', 'Chine', 28500, NULL, NULL, 10, 1, 'published');
INSERT INTO product_images (product_id, path, url, position) VALUES ('c5f56168-45d5-4934-904d-1d27c4b755fe', 'demo/1523275335684-37898b6baf30', 'https://images.unsplash.com/photo-1523275335684-37898b6baf30?auto=format&fit=crop&w=800&q=70', 0);
INSERT INTO product_images (product_id, path, url, position) VALUES ('c5f56168-45d5-4934-904d-1d27c4b755fe', 'demo/1546868871-7041f2a55e12', 'https://images.unsplash.com/photo-1546868871-7041f2a55e12?auto=format&fit=crop&w=800&q=70', 1);
INSERT INTO products (id, seller_id, category_id, title, description, origin_country, price_fcfa, wholesale_price_fcfa, wholesale_min_qty, stock, min_order_qty, status) VALUES ('6a70860b-e97b-4ad6-88f7-d38a7c4d4149', 'f423f8b5-32b1-4508-85e1-95ba8ebe24eb', (SELECT id FROM categories WHERE slug = 'accessoires-electroniques'), 'Power bank 20 000 mAh', 'Batterie externe charge rapide 22,5 W, double sortie USB + USB-C, écran de charge LED.', 'Chine', 15000, 12500, 5, 30, 1, 'published');
INSERT INTO product_images (product_id, path, url, position) VALUES ('6a70860b-e97b-4ad6-88f7-d38a7c4d4149', 'demo/1609091839311-d5365f9ff1c5', 'https://images.unsplash.com/photo-1609091839311-d5365f9ff1c5?auto=format&fit=crop&w=800&q=70', 0);
INSERT INTO product_images (product_id, path, url, position) VALUES ('6a70860b-e97b-4ad6-88f7-d38a7c4d4149', 'demo/1583863788434-e58a36330cf0', 'https://images.unsplash.com/photo-1583863788434-e58a36330cf0?auto=format&fit=crop&w=800&q=70', 1);
INSERT INTO products (id, seller_id, category_id, title, description, origin_country, price_fcfa, wholesale_price_fcfa, wholesale_min_qty, stock, min_order_qty, status) VALUES ('2ffcc3d0-f565-486d-a673-499fc2940fdd', 'f423f8b5-32b1-4508-85e1-95ba8ebe24eb', (SELECT id FROM categories WHERE slug = 'tv-audio'), 'TV LED 32" HD', 'Téléviseur LED 32 pouces HD, 2 ports HDMI, tuner TNT intégré. Livraison et installation à Lomé.', 'Chine', 95000, NULL, NULL, 8, 1, 'published');
INSERT INTO product_images (product_id, path, url, position) VALUES ('2ffcc3d0-f565-486d-a673-499fc2940fdd', 'demo/1593359677879-a4bb92f829d1', 'https://images.unsplash.com/photo-1593359677879-a4bb92f829d1?auto=format&fit=crop&w=800&q=70', 0);
INSERT INTO product_images (product_id, path, url, position) VALUES ('2ffcc3d0-f565-486d-a673-499fc2940fdd', 'demo/1461151304267-38535e780c79', 'https://images.unsplash.com/photo-1461151304267-38535e780c79?auto=format&fit=crop&w=800&q=70', 1);
INSERT INTO products (id, seller_id, category_id, title, description, origin_country, price_fcfa, wholesale_price_fcfa, wholesale_min_qty, stock, min_order_qty, status) VALUES ('0f3da772-c358-473e-841a-350a360469ad', 'f423f8b5-32b1-4508-85e1-95ba8ebe24eb', (SELECT id FROM categories WHERE slug = 'ordinateurs'), 'Ordinateur portable 15,6" 8 Go/256 Go', 'PC portable 15,6" FHD, 8 Go RAM, SSD 256 Go, Windows 11 — parfait bureautique et études.', 'Chine', 265000, NULL, NULL, 6, 1, 'published');
INSERT INTO product_images (product_id, path, url, position) VALUES ('0f3da772-c358-473e-841a-350a360469ad', 'demo/1496181133206-80ce9b88a853', 'https://images.unsplash.com/photo-1496181133206-80ce9b88a853?auto=format&fit=crop&w=800&q=70', 0);
INSERT INTO product_images (product_id, path, url, position) VALUES ('0f3da772-c358-473e-841a-350a360469ad', 'demo/1517336714731-489689fd1ca8', 'https://images.unsplash.com/photo-1517336714731-489689fd1ca8?auto=format&fit=crop&w=800&q=70', 1);
INSERT INTO products (id, seller_id, category_id, title, description, origin_country, price_fcfa, wholesale_price_fcfa, wholesale_min_qty, stock, min_order_qty, status) VALUES ('1d140aa5-94e4-4e60-8b68-3d35fc53944a', '0394f72c-c416-4686-b0b8-7bd74aa6a260', (SELECT id FROM categories WHERE slug = 'epicerie'), 'Riz parfumé sac 25 kg', 'Riz long grain parfumé, sac de 25 kg. Prix de gros dès 5 sacs — livraison palette possible.', 'Thaïlande', 18000, 16500, 5, 50, 1, 'published');
INSERT INTO product_images (product_id, path, url, position) VALUES ('1d140aa5-94e4-4e60-8b68-3d35fc53944a', 'demo/1586201375761-83865001e31c', 'https://images.unsplash.com/photo-1586201375761-83865001e31c?auto=format&fit=crop&w=800&q=70', 0);
INSERT INTO product_images (product_id, path, url, position) VALUES ('1d140aa5-94e4-4e60-8b68-3d35fc53944a', 'demo/1536304993881-ff6e9eefa2a6', 'https://images.unsplash.com/photo-1536304993881-ff6e9eefa2a6?auto=format&fit=crop&w=800&q=70', 1);
INSERT INTO products (id, seller_id, category_id, title, description, origin_country, price_fcfa, wholesale_price_fcfa, wholesale_min_qty, stock, min_order_qty, status) VALUES ('f4bf21e8-4955-4d33-8486-5dbff0d65f96', '0394f72c-c416-4686-b0b8-7bd74aa6a260', (SELECT id FROM categories WHERE slug = 'epicerie'), 'Gari fin de Kpalimé 5 kg', 'Gari blanc extra-fin préparé artisanalement à Kpalimé, sachet hermétique de 5 kg.', 'Togo', 3500, 3000, 10, 45, 1, 'published');
INSERT INTO product_images (product_id, path, url, position) VALUES ('f4bf21e8-4955-4d33-8486-5dbff0d65f96', 'demo/1509440159596-0249088772ff', 'https://images.unsplash.com/photo-1509440159596-0249088772ff?auto=format&fit=crop&w=800&q=70', 0);
INSERT INTO product_images (product_id, path, url, position) VALUES ('f4bf21e8-4955-4d33-8486-5dbff0d65f96', 'demo/1595475207225-428b62bda831', 'https://images.unsplash.com/photo-1595475207225-428b62bda831?auto=format&fit=crop&w=800&q=70', 1);
INSERT INTO products (id, seller_id, category_id, title, description, origin_country, price_fcfa, wholesale_price_fcfa, wholesale_min_qty, stock, min_order_qty, status) VALUES ('c6f68b58-63c1-447f-a48c-247f45736a5c', '0394f72c-c416-4686-b0b8-7bd74aa6a260', (SELECT id FROM categories WHERE slug = 'epicerie'), 'Huile rouge de palme 5 L', 'Huile de palme rouge naturelle du Togo, bidon de 5 litres, pressée artisanalement.', 'Togo', 6500, 5800, 6, 30, 1, 'published');
INSERT INTO product_images (product_id, path, url, position) VALUES ('c6f68b58-63c1-447f-a48c-247f45736a5c', 'demo/1474979266404-7eaacbcd87c5', 'https://images.unsplash.com/photo-1474979266404-7eaacbcd87c5?auto=format&fit=crop&w=800&q=70', 0);
INSERT INTO product_images (product_id, path, url, position) VALUES ('c6f68b58-63c1-447f-a48c-247f45736a5c', 'demo/1531945086322-64e2ffae14a6', 'https://images.unsplash.com/photo-1531945086322-64e2ffae14a6?auto=format&fit=crop&w=800&q=70', 1);
INSERT INTO products (id, seller_id, category_id, title, description, origin_country, price_fcfa, wholesale_price_fcfa, wholesale_min_qty, stock, min_order_qty, status) VALUES ('979a6e2b-f315-4aaf-b190-19b4b2e6c656', '0394f72c-c416-4686-b0b8-7bd74aa6a260', (SELECT id FROM categories WHERE slug = 'epicerie'), 'Piment moulu & épices 500 g', 'Mélange maison : piment fort séché, gingembre, ail et épices moulus. Sachet 500 g.', 'Togo', 2000, NULL, NULL, 60, 1, 'published');
INSERT INTO product_images (product_id, path, url, position) VALUES ('979a6e2b-f315-4aaf-b190-19b4b2e6c656', 'demo/1596040033229-a9821ebd058d', 'https://images.unsplash.com/photo-1596040033229-a9821ebd058d?auto=format&fit=crop&w=800&q=70', 0);
INSERT INTO product_images (product_id, path, url, position) VALUES ('979a6e2b-f315-4aaf-b190-19b4b2e6c656', 'demo/1509358271058-acd22cc93898', 'https://images.unsplash.com/photo-1509358271058-acd22cc93898?auto=format&fit=crop&w=800&q=70', 1);
INSERT INTO products (id, seller_id, category_id, title, description, origin_country, price_fcfa, wholesale_price_fcfa, wholesale_min_qty, stock, min_order_qty, status) VALUES ('7b13d0c1-ba88-414d-8466-dc7e833b4b78', '0394f72c-c416-4686-b0b8-7bd74aa6a260', (SELECT id FROM categories WHERE slug = 'epicerie'), 'Miel naturel des plateaux 1 L', 'Miel pur récolté sur les plateaux de Danyi, non chauffé, non filtré. Pot d''un litre.', 'Togo', 4500, NULL, NULL, 20, 1, 'published');
INSERT INTO product_images (product_id, path, url, position) VALUES ('7b13d0c1-ba88-414d-8466-dc7e833b4b78', 'demo/1587049352846-4a222e784d38', 'https://images.unsplash.com/photo-1587049352846-4a222e784d38?auto=format&fit=crop&w=800&q=70', 0);
INSERT INTO product_images (product_id, path, url, position) VALUES ('7b13d0c1-ba88-414d-8466-dc7e833b4b78', 'demo/1558642452-9d2a7deb7f62', 'https://images.unsplash.com/photo-1558642452-9d2a7deb7f62?auto=format&fit=crop&w=800&q=70', 1);
INSERT INTO products (id, seller_id, category_id, title, description, origin_country, price_fcfa, wholesale_price_fcfa, wholesale_min_qty, stock, min_order_qty, status) VALUES ('94d3e880-d0d1-4298-90c7-8504ce816c84', '0394f72c-c416-4686-b0b8-7bd74aa6a260', (SELECT id FROM categories WHERE slug = 'boissons'), 'Jus de bissap frais — pack de 6', 'Jus d''hibiscus maison légèrement gingembré, bouteilles de 50 cl. Pack de 6, à garder au frais.', 'Togo', 3000, 2500, 4, 25, 1, 'published');
INSERT INTO product_images (product_id, path, url, position) VALUES ('94d3e880-d0d1-4298-90c7-8504ce816c84', 'demo/1544145945-f90425340c7e', 'https://images.unsplash.com/photo-1544145945-f90425340c7e?auto=format&fit=crop&w=800&q=70', 0);
INSERT INTO product_images (product_id, path, url, position) VALUES ('94d3e880-d0d1-4298-90c7-8504ce816c84', 'demo/1600271886742-f049cd451bba', 'https://images.unsplash.com/photo-1600271886742-f049cd451bba?auto=format&fit=crop&w=800&q=70', 1);
INSERT INTO products (id, seller_id, category_id, title, description, origin_country, price_fcfa, wholesale_price_fcfa, wholesale_min_qty, stock, min_order_qty, status) VALUES ('b80072bb-26c6-4be3-972b-82696fa7e42e', 'a000b0b4-0219-443a-8144-e368417cc4c9', (SELECT id FROM categories WHERE slug = 'meubles'), 'Canapé 3 places tissu', 'Canapé 3 places structure bois massif, coussins déhoussables, tissu anti-taches. Fabriqué à Lomé.', 'Togo', 185000, NULL, NULL, 4, 1, 'published');
INSERT INTO product_images (product_id, path, url, position) VALUES ('b80072bb-26c6-4be3-972b-82696fa7e42e', 'demo/1555041469-a586c61ea9bc', 'https://images.unsplash.com/photo-1555041469-a586c61ea9bc?auto=format&fit=crop&w=800&q=70', 0);
INSERT INTO product_images (product_id, path, url, position) VALUES ('b80072bb-26c6-4be3-972b-82696fa7e42e', 'demo/1567538096630-e0c55bd6374c', 'https://images.unsplash.com/photo-1567538096630-e0c55bd6374c?auto=format&fit=crop&w=800&q=70', 1);
INSERT INTO products (id, seller_id, category_id, title, description, origin_country, price_fcfa, wholesale_price_fcfa, wholesale_min_qty, stock, min_order_qty, status) VALUES ('c1faced2-b475-47c0-a3b2-d32f0ae182d8', 'a000b0b4-0219-443a-8144-e368417cc4c9', (SELECT id FROM categories WHERE slug = 'decoration'), 'Lampe de table en raphia', 'Lampe artisanale, abat-jour en raphia tressé, pied bois. Lumière chaude, douille E27.', 'Togo', 14500, NULL, NULL, 12, 1, 'published');
INSERT INTO product_images (product_id, path, url, position) VALUES ('c1faced2-b475-47c0-a3b2-d32f0ae182d8', 'demo/1507473885765-e6ed057f782c', 'https://images.unsplash.com/photo-1507473885765-e6ed057f782c?auto=format&fit=crop&w=800&q=70', 0);
INSERT INTO product_images (product_id, path, url, position) VALUES ('c1faced2-b475-47c0-a3b2-d32f0ae182d8', 'demo/1513506003901-1e6a229e2d15', 'https://images.unsplash.com/photo-1513506003901-1e6a229e2d15?auto=format&fit=crop&w=800&q=70', 1);
INSERT INTO products (id, seller_id, category_id, title, description, origin_country, price_fcfa, wholesale_price_fcfa, wholesale_min_qty, stock, min_order_qty, status) VALUES ('db04fefd-3518-4dfd-8acf-599c2327066b', 'a000b0b4-0219-443a-8144-e368417cc4c9', (SELECT id FROM categories WHERE slug = 'ustensiles-cuisine'), 'Batterie de cuisine 12 pièces', 'Set de 12 pièces en inox : marmites, faitouts et poêles, fonds épais compatibles tous feux.', 'Chine', 32000, 28000, 3, 15, 1, 'published');
INSERT INTO product_images (product_id, path, url, position) VALUES ('db04fefd-3518-4dfd-8acf-599c2327066b', 'demo/1556911220-bff31c812dba', 'https://images.unsplash.com/photo-1556911220-bff31c812dba?auto=format&fit=crop&w=800&q=70', 0);
INSERT INTO products (id, seller_id, category_id, title, description, origin_country, price_fcfa, wholesale_price_fcfa, wholesale_min_qty, stock, min_order_qty, status) VALUES ('14652d7c-c863-471a-824c-a7b6eb490f52', 'a000b0b4-0219-443a-8144-e368417cc4c9', (SELECT id FROM categories WHERE slug = 'electromenager'), 'Ventilateur sur pied 16"', 'Ventilateur oscillant 3 vitesses, hauteur réglable, grille de sécurité. Indispensable à Lomé.', 'Chine', 24000, 21000, 4, 22, 1, 'published');
INSERT INTO product_images (product_id, path, url, position) VALUES ('14652d7c-c863-471a-824c-a7b6eb490f52', 'demo/1594736797933-d0501ba2fe65', 'https://images.unsplash.com/photo-1594736797933-d0501ba2fe65?auto=format&fit=crop&w=800&q=70', 0);
INSERT INTO products (id, seller_id, category_id, title, description, origin_country, price_fcfa, wholesale_price_fcfa, wholesale_min_qty, stock, min_order_qty, status) VALUES ('bad446b5-49be-4e1d-bc11-44b0dc6797a8', 'a000b0b4-0219-443a-8144-e368417cc4c9', (SELECT id FROM categories WHERE slug = 'electromenager'), 'Blender 1,5 L 400 W', 'Mixeur bol verre 1,5 L, 2 vitesses + pulse, lames inox — jus, bouillies et sauces en un geste.', 'Chine', 18500, NULL, NULL, 16, 1, 'published');
INSERT INTO product_images (product_id, path, url, position) VALUES ('bad446b5-49be-4e1d-bc11-44b0dc6797a8', 'demo/1570222094114-d054a817e56b', 'https://images.unsplash.com/photo-1570222094114-d054a817e56b?auto=format&fit=crop&w=800&q=70', 0);
INSERT INTO product_images (product_id, path, url, position) VALUES ('bad446b5-49be-4e1d-bc11-44b0dc6797a8', 'demo/1622480916113-9000ac49b79d', 'https://images.unsplash.com/photo-1622480916113-9000ac49b79d?auto=format&fit=crop&w=800&q=70', 1);
INSERT INTO products (id, seller_id, category_id, title, description, origin_country, price_fcfa, wholesale_price_fcfa, wholesale_min_qty, stock, min_order_qty, status) VALUES ('c1264026-9fe2-4697-aebc-562f00203d08', 'a000b0b4-0219-443a-8144-e368417cc4c9', (SELECT id FROM categories WHERE slug = 'cosmetiques'), 'Beurre de karité pur 500 g', 'Beurre de karité 100 % naturel des groupements de femmes de la Kara. Pot de 500 g, non raffiné.', 'Togo', 3000, 2500, 10, 50, 1, 'published');
INSERT INTO product_images (product_id, path, url, position) VALUES ('c1264026-9fe2-4697-aebc-562f00203d08', 'demo/1556228453-efd6c1ff04f6', 'https://images.unsplash.com/photo-1556228453-efd6c1ff04f6?auto=format&fit=crop&w=800&q=70', 0);
INSERT INTO product_images (product_id, path, url, position) VALUES ('c1264026-9fe2-4697-aebc-562f00203d08', 'demo/1608248543803-ba4f8c70ae0b', 'https://images.unsplash.com/photo-1608248543803-ba4f8c70ae0b?auto=format&fit=crop&w=800&q=70', 1);
INSERT INTO products (id, seller_id, category_id, title, description, origin_country, price_fcfa, wholesale_price_fcfa, wholesale_min_qty, stock, min_order_qty, status) VALUES ('5d39a945-e47c-4ab2-a1e0-d8ecaf7fe158', 'a000b0b4-0219-443a-8144-e368417cc4c9', (SELECT id FROM categories WHERE slug = 'hygiene'), 'Savon noir artisanal — lot de 3', 'Savon noir traditionnel (alata simena) aux huiles végétales, lot de 3 pains de 150 g.', 'Togo', 1500, 1200, 12, 60, 1, 'published');
INSERT INTO product_images (product_id, path, url, position) VALUES ('5d39a945-e47c-4ab2-a1e0-d8ecaf7fe158', 'demo/1600857544200-b2f666a9a2ec', 'https://images.unsplash.com/photo-1600857544200-b2f666a9a2ec?auto=format&fit=crop&w=800&q=70', 0);
INSERT INTO product_images (product_id, path, url, position) VALUES ('5d39a945-e47c-4ab2-a1e0-d8ecaf7fe158', 'demo/1607006344380-b6775a0824a7', 'https://images.unsplash.com/photo-1607006344380-b6775a0824a7?auto=format&fit=crop&w=800&q=70', 1);
INSERT INTO products (id, seller_id, category_id, title, description, origin_country, price_fcfa, wholesale_price_fcfa, wholesale_min_qty, stock, min_order_qty, status) VALUES ('fa4cb974-277e-4120-81d4-a3da3bfab5f8', 'a000b0b4-0219-443a-8144-e368417cc4c9', (SELECT id FROM categories WHERE slug = 'parfums'), 'Eau de toilette « Nuit d''Afrique » 100 ml', 'Eau de toilette boisée-ambrée, flacon 100 ml. Tenue longue durée, coffret cadeau offert.', 'France', 13500, NULL, NULL, 18, 1, 'published');
INSERT INTO product_images (product_id, path, url, position) VALUES ('fa4cb974-277e-4120-81d4-a3da3bfab5f8', 'demo/1541643600914-78b084683601', 'https://images.unsplash.com/photo-1541643600914-78b084683601?auto=format&fit=crop&w=800&q=70', 0);
INSERT INTO product_images (product_id, path, url, position) VALUES ('fa4cb974-277e-4120-81d4-a3da3bfab5f8', 'demo/1585386959984-a4155224a1ad', 'https://images.unsplash.com/photo-1585386959984-a4155224a1ad?auto=format&fit=crop&w=800&q=70', 1);
INSERT INTO products (id, seller_id, category_id, title, description, origin_country, price_fcfa, wholesale_price_fcfa, wholesale_min_qty, stock, min_order_qty, status) VALUES ('4f591fa7-a4bd-4c5b-88e3-c8b5e536fe41', 'cad8dccf-a16a-45eb-a636-338e8686cdd2', (SELECT id FROM categories WHERE slug = 'equipement-sportif'), 'Ballon de football taille 5', 'Ballon cousu machine taille 5, vessie butyle, adapté terrains durs des quartiers.', 'Pakistan', 8500, 7000, 6, 30, 1, 'published');
INSERT INTO product_images (product_id, path, url, position) VALUES ('4f591fa7-a4bd-4c5b-88e3-c8b5e536fe41', 'demo/1579952363873-27f3bade9f55', 'https://images.unsplash.com/photo-1579952363873-27f3bade9f55?auto=format&fit=crop&w=800&q=70', 0);
INSERT INTO product_images (product_id, path, url, position) VALUES ('4f591fa7-a4bd-4c5b-88e3-c8b5e536fe41', 'demo/1614632537190-23e4146777db', 'https://images.unsplash.com/photo-1614632537190-23e4146777db?auto=format&fit=crop&w=800&q=70', 1);
INSERT INTO products (id, seller_id, category_id, title, description, origin_country, price_fcfa, wholesale_price_fcfa, wholesale_min_qty, stock, min_order_qty, status) VALUES ('2e49ec4b-3cd2-4794-8154-051604c6f4fc', 'cad8dccf-a16a-45eb-a636-338e8686cdd2', (SELECT id FROM categories WHERE slug = 'equipement-sportif'), 'Baskets running homme', 'Chaussures de course légères, semelle amortissante, mesh respirant. Pointures 40-46.', 'Chine', 26000, NULL, NULL, 20, 1, 'published');
INSERT INTO product_images (product_id, path, url, position) VALUES ('2e49ec4b-3cd2-4794-8154-051604c6f4fc', 'demo/1542291026-7eec264c27ff', 'https://images.unsplash.com/photo-1542291026-7eec264c27ff?auto=format&fit=crop&w=800&q=70', 0);
INSERT INTO product_images (product_id, path, url, position) VALUES ('2e49ec4b-3cd2-4794-8154-051604c6f4fc', 'demo/1595950653106-6c9ebd614d3a', 'https://images.unsplash.com/photo-1595950653106-6c9ebd614d3a?auto=format&fit=crop&w=800&q=70', 1);
INSERT INTO products (id, seller_id, category_id, title, description, origin_country, price_fcfa, wholesale_price_fcfa, wholesale_min_qty, stock, min_order_qty, status) VALUES ('8db16a9b-731d-4bdb-9f82-d7956e89d3c3', 'cad8dccf-a16a-45eb-a636-338e8686cdd2', (SELECT id FROM categories WHERE slug = 'equipement-sportif'), 'Vélo VTT 26" 21 vitesses', 'VTT cadre acier 26 pouces, 21 vitesses Shimano, freins V-brake, porte-bagages inclus.', 'Chine', 145000, NULL, NULL, 5, 1, 'published');
INSERT INTO product_images (product_id, path, url, position) VALUES ('8db16a9b-731d-4bdb-9f82-d7956e89d3c3', 'demo/1485965120184-e220f721d03e', 'https://images.unsplash.com/photo-1485965120184-e220f721d03e?auto=format&fit=crop&w=800&q=70', 0);
INSERT INTO product_images (product_id, path, url, position) VALUES ('8db16a9b-731d-4bdb-9f82-d7956e89d3c3', 'demo/1532298229144-0ec0c57515c7', 'https://images.unsplash.com/photo-1532298229144-0ec0c57515c7?auto=format&fit=crop&w=800&q=70', 1);
INSERT INTO products (id, seller_id, category_id, title, description, origin_country, price_fcfa, wholesale_price_fcfa, wholesale_min_qty, stock, min_order_qty, status) VALUES ('8992d652-bc57-4a20-a945-1f62b5eb2000', 'cad8dccf-a16a-45eb-a636-338e8686cdd2', (SELECT id FROM categories WHERE slug = 'accessoires-moto'), 'Casque moto intégral homologué', 'Casque intégral homologué, visière anti-rayures, mousses démontables. Tailles M à XL.', 'Chine', 18000, 15500, 4, 15, 1, 'published');
INSERT INTO product_images (product_id, path, url, position) VALUES ('8992d652-bc57-4a20-a945-1f62b5eb2000', 'demo/1591637333184-19aa84b3e01f', 'https://images.unsplash.com/photo-1591637333184-19aa84b3e01f?auto=format&fit=crop&w=800&q=70', 0);
INSERT INTO product_images (product_id, path, url, position) VALUES ('8992d652-bc57-4a20-a945-1f62b5eb2000', 'demo/1558981403-c5f9899a28bc', 'https://images.unsplash.com/photo-1558981403-c5f9899a28bc?auto=format&fit=crop&w=800&q=70', 1);
INSERT INTO products (id, seller_id, category_id, title, description, origin_country, price_fcfa, wholesale_price_fcfa, wholesale_min_qty, stock, min_order_qty, status) VALUES ('9793a2d2-3cef-4561-9e38-789329cb7e6f', 'cad8dccf-a16a-45eb-a636-338e8686cdd2', (SELECT id FROM categories WHERE slug = 'pneus-batteries'), 'Pneu moto 90/90-17 renforcé', 'Pneu arrière renforcé 90/90-17 pour taxis-motos, gomme dure longue durée, tubeless.', 'Chine', 16500, 14500, 4, 24, 1, 'published');
INSERT INTO product_images (product_id, path, url, position) VALUES ('9793a2d2-3cef-4561-9e38-789329cb7e6f', 'demo/1558618666-fcd25c85cd64', 'https://images.unsplash.com/photo-1558618666-fcd25c85cd64?auto=format&fit=crop&w=800&q=70', 0);
INSERT INTO product_images (product_id, path, url, position) VALUES ('9793a2d2-3cef-4561-9e38-789329cb7e6f', 'demo/1568772585407-9361f9bf3a87', 'https://images.unsplash.com/photo-1568772585407-9361f9bf3a87?auto=format&fit=crop&w=800&q=70', 1);
INSERT INTO products (id, seller_id, category_id, title, description, origin_country, price_fcfa, wholesale_price_fcfa, wholesale_min_qty, stock, min_order_qty, status) VALUES ('5ddab9aa-06c1-48fd-8eb5-fa4f93f9e547', 'cad8dccf-a16a-45eb-a636-338e8686cdd2', (SELECT id FROM categories WHERE slug = 'jouets'), 'Jeu de construction en bois 80 pièces', 'Blocs de construction en bois peint non toxique, 80 pièces, dès 3 ans. Sac de rangement inclus.', 'Chine', 7500, NULL, NULL, 18, 1, 'published');
INSERT INTO product_images (product_id, path, url, position) VALUES ('5ddab9aa-06c1-48fd-8eb5-fa4f93f9e547', 'demo/1587654780291-39c9404d746b', 'https://images.unsplash.com/photo-1587654780291-39c9404d746b?auto=format&fit=crop&w=800&q=70', 0);
INSERT INTO product_images (product_id, path, url, position) VALUES ('5ddab9aa-06c1-48fd-8eb5-fa4f93f9e547', 'demo/1558060370-d644479cb6f7', 'https://images.unsplash.com/photo-1558060370-d644479cb6f7?auto=format&fit=crop&w=800&q=70', 1);
INSERT INTO products (id, seller_id, category_id, title, description, origin_country, price_fcfa, wholesale_price_fcfa, wholesale_min_qty, stock, min_order_qty, status) VALUES ('9caabdf8-8c64-417c-964e-6da35bd46d9d', 'cad8dccf-a16a-45eb-a636-338e8686cdd2', (SELECT id FROM categories WHERE slug = 'puericulture'), 'Kit biberons anti-coliques (x3)', 'Trois biberons 260 ml anti-coliques sans BPA, tétines débit variable, goupillon offert.', 'Chine', 5500, NULL, NULL, 22, 1, 'published');
INSERT INTO product_images (product_id, path, url, position) VALUES ('9caabdf8-8c64-417c-964e-6da35bd46d9d', 'demo/1544126592-807ade215a0b', 'https://images.unsplash.com/photo-1544126592-807ade215a0b?auto=format&fit=crop&w=800&q=70', 0);
INSERT INTO product_images (product_id, path, url, position) VALUES ('9caabdf8-8c64-417c-964e-6da35bd46d9d', 'demo/1515488042361-ee00e0ddd4e4', 'https://images.unsplash.com/photo-1515488042361-ee00e0ddd4e4?auto=format&fit=crop&w=800&q=70', 1);
INSERT INTO products (id, seller_id, category_id, title, description, origin_country, price_fcfa, wholesale_price_fcfa, wholesale_min_qty, stock, min_order_qty, status) VALUES ('82585c6c-ada0-44a3-8961-79c04886d7aa', 'cad8dccf-a16a-45eb-a636-338e8686cdd2', (SELECT id FROM categories WHERE slug = 'vetements-enfants'), 'Ensemble enfant wax 2 pièces', 'Ensemble haut + short en wax pour enfants de 2 à 8 ans, coutures renforcées, couleurs vives.', 'Togo', 6500, 5500, 6, 25, 1, 'published');
INSERT INTO product_images (product_id, path, url, position) VALUES ('82585c6c-ada0-44a3-8961-79c04886d7aa', 'demo/1522771930-78848d9293e8', 'https://images.unsplash.com/photo-1522771930-78848d9293e8?auto=format&fit=crop&w=800&q=70', 0);
COMMIT;
