-- Catalogue de DÉMONSTRATION Deal Lomé — généré automatiquement.
-- Nettoyage complet : DELETE FROM users WHERE firebase_uid LIKE 'demo-seller-%';
BEGIN;
DELETE FROM users WHERE firebase_uid LIKE 'demo-seller-%';
INSERT INTO users (id, firebase_uid, email, full_name, status) VALUES ('39c92820-a1a7-421f-bc44-674e9bd3dc9d', 'demo-seller-1', 'demo-seller-1@deallome.demo', 'Wax & Style Assigamé', 'active');
INSERT INTO seller_profiles (id, user_id, shop_name, shop_description, city, district, contact_phone, id_document_path, status, reviewed_at) VALUES ('271b584d-3dc4-4ada-b5cc-005301c42e3e', '39c92820-a1a7-421f-bc44-674e9bd3dc9d', 'Wax & Style Assigamé', 'Tissus wax, tenues cousues main et accessoires du Grand Marché de Lomé.', 'Lomé', 'Assigamé', '+22890110001', 'demo/aucun', 'approved', now());
INSERT INTO users (id, firebase_uid, email, full_name, status) VALUES ('f2ce9310-b92f-487c-a0fe-184d5fd1155a', 'demo-seller-2', 'demo-seller-2@deallome.demo', 'Lomé Tech Store', 'active');
INSERT INTO seller_profiles (id, user_id, shop_name, shop_description, city, district, contact_phone, id_document_path, status, reviewed_at) VALUES ('f4462a8b-cb52-441e-8b72-6bc14b3c2881', 'f2ce9310-b92f-487c-a0fe-184d5fd1155a', 'Lomé Tech Store', 'Téléphones, accessoires et électronique garantis, au meilleur prix de Bè.', 'Lomé', 'Bè', '+22890110002', 'demo/aucun', 'approved', now());
INSERT INTO users (id, firebase_uid, email, full_name, status) VALUES ('2f648b3c-c3a0-4ec9-8ce8-60d0b5dadd06', 'demo-seller-3', 'demo-seller-3@deallome.demo', 'Chez Mama Afi', 'active');
INSERT INTO seller_profiles (id, user_id, shop_name, shop_description, city, district, contact_phone, id_document_path, status, reviewed_at) VALUES ('bce1e995-1e98-4628-9104-ad7c21f5b6cb', '2f648b3c-c3a0-4ec9-8ce8-60d0b5dadd06', 'Chez Mama Afi', 'Épicerie de quartier : riz, gari, huile rouge et produits frais de Tokoin.', 'Lomé', 'Tokoin', '+22890110003', 'demo/aucun', 'approved', now());
INSERT INTO users (id, firebase_uid, email, full_name, status) VALUES ('3cd5fa7c-e9ec-4809-89fe-f46a9185ea27', 'demo-seller-4', 'demo-seller-4@deallome.demo', 'Maison Douce Lomé', 'active');
INSERT INTO seller_profiles (id, user_id, shop_name, shop_description, city, district, contact_phone, id_document_path, status, reviewed_at) VALUES ('65d4e506-04f3-4b39-aeb7-a0ff3629687e', '3cd5fa7c-e9ec-4809-89fe-f46a9185ea27', 'Maison Douce Lomé', 'Meubles, électroménager et cosmétiques naturels pour la maison, à Adidogomé.', 'Lomé', 'Adidogomé', '+22890110004', 'demo/aucun', 'approved', now());
INSERT INTO users (id, firebase_uid, email, full_name, status) VALUES ('933209ff-2f04-4245-9ef8-db52d1352970', 'demo-seller-5', 'demo-seller-5@deallome.demo', 'Sport & Go Togo', 'active');
INSERT INTO seller_profiles (id, user_id, shop_name, shop_description, city, district, contact_phone, id_document_path, status, reviewed_at) VALUES ('33e5200d-d4d7-41b5-b58f-bda1e8c8ff49', '933209ff-2f04-4245-9ef8-db52d1352970', 'Sport & Go Togo', 'Équipement sportif, vélos et accessoires moto à Agbalépédogan.', 'Lomé', 'Agbalépédogan', '+22890110005', 'demo/aucun', 'approved', now());
INSERT INTO products (id, seller_id, category_id, title, description, origin_country, price_fcfa, wholesale_price_fcfa, wholesale_min_qty, stock, min_order_qty, status) VALUES ('98dfc1ce-00d5-4934-be91-b8b2cab1cce3', '271b584d-3dc4-4ada-b5cc-005301c42e3e', (SELECT id FROM categories WHERE slug = 'tissus-pagnes'), 'Pagne wax 6 yards « Soleil de Lomé »', 'Véritable wax hollandais 6 yards, motifs éclatants. Idéal pour tenues de cérémonie ou couture sur mesure.', 'Ghana', 18500, 15500, 10, 40, 1, 'published');
INSERT INTO product_images (product_id, path, url, position) VALUES ('98dfc1ce-00d5-4934-be91-b8b2cab1cce3', 'demo/1528459801416-a9e53bbf4e17', 'https://images.unsplash.com/photo-1528459801416-a9e53bbf4e17?auto=format&fit=crop&w=800&q=70', 0);
INSERT INTO products (id, seller_id, category_id, title, description, origin_country, price_fcfa, wholesale_price_fcfa, wholesale_min_qty, stock, min_order_qty, status) VALUES ('8789a088-34d9-4a6e-ab1c-39544bd0ff9b', '271b584d-3dc4-4ada-b5cc-005301c42e3e', (SELECT id FROM categories WHERE slug = 'vetements-femme'), 'Robe en wax cousue main', 'Robe cintrée en wax, coupe moderne cousue par nos couturières d''Assigamé. Tailles S à XL.', 'Togo', 17500, NULL, NULL, 12, 1, 'published');
INSERT INTO product_images (product_id, path, url, position) VALUES ('8789a088-34d9-4a6e-ab1c-39544bd0ff9b', 'demo/1595777457583-95e059d581b8', 'https://images.unsplash.com/photo-1595777457583-95e059d581b8?auto=format&fit=crop&w=800&q=70', 0);
INSERT INTO products (id, seller_id, category_id, title, description, origin_country, price_fcfa, wholesale_price_fcfa, wholesale_min_qty, stock, min_order_qty, status) VALUES ('089313de-213a-4617-90ea-caceae328432', '271b584d-3dc4-4ada-b5cc-005301c42e3e', (SELECT id FROM categories WHERE slug = 'vetements-homme'), 'Chemise homme en wax', 'Chemise manches courtes en wax coton, doublure légère — élégance togolaise au bureau comme en ville.', 'Togo', 12000, 10000, 5, 20, 1, 'published');
INSERT INTO product_images (product_id, path, url, position) VALUES ('089313de-213a-4617-90ea-caceae328432', 'demo/1602810318383-e386cc2a3ccf', 'https://images.unsplash.com/photo-1602810318383-e386cc2a3ccf?auto=format&fit=crop&w=800&q=70', 0);
INSERT INTO products (id, seller_id, category_id, title, description, origin_country, price_fcfa, wholesale_price_fcfa, wholesale_min_qty, stock, min_order_qty, status) VALUES ('6214a002-38ac-4d90-9df9-7ccdb8aa08c1', '271b584d-3dc4-4ada-b5cc-005301c42e3e', (SELECT id FROM categories WHERE slug = 'sacs-accessoires'), 'Sac à main perlé artisanal', 'Sac à main tissé et perlé à la main, doublure tissu, anses renforcées.', 'Togo', 9500, NULL, NULL, 15, 1, 'published');
INSERT INTO product_images (product_id, path, url, position) VALUES ('6214a002-38ac-4d90-9df9-7ccdb8aa08c1', 'demo/1584917865442-de89df76afd3', 'https://images.unsplash.com/photo-1584917865442-de89df76afd3?auto=format&fit=crop&w=800&q=70', 0);
INSERT INTO products (id, seller_id, category_id, title, description, origin_country, price_fcfa, wholesale_price_fcfa, wholesale_min_qty, stock, min_order_qty, status) VALUES ('144fbf35-9eaa-47ad-8050-0dc3f77da7de', '271b584d-3dc4-4ada-b5cc-005301c42e3e', (SELECT id FROM categories WHERE slug = 'chaussures'), 'Sandales en cuir artisanales', 'Sandales en cuir véritable cousues main, semelle antidérapante. Pointures 38-45.', 'Togo', 7500, 6500, 6, 25, 1, 'published');
INSERT INTO product_images (product_id, path, url, position) VALUES ('144fbf35-9eaa-47ad-8050-0dc3f77da7de', 'demo/1603487742131-4160ec999306', 'https://images.unsplash.com/photo-1603487742131-4160ec999306?auto=format&fit=crop&w=800&q=70', 0);
INSERT INTO products (id, seller_id, category_id, title, description, origin_country, price_fcfa, wholesale_price_fcfa, wholesale_min_qty, stock, min_order_qty, status) VALUES ('85d45364-cc01-47ab-bb39-04c0ac1a093a', '271b584d-3dc4-4ada-b5cc-005301c42e3e', (SELECT id FROM categories WHERE slug = 'vetements-homme'), 'T-shirt coton premium uni', 'T-shirt 100 % coton peigné 180 g, coupe droite. Blanc, noir ou bleu nuit.', 'Chine', 3500, 2800, 12, 60, 1, 'published');
INSERT INTO product_images (product_id, path, url, position) VALUES ('85d45364-cc01-47ab-bb39-04c0ac1a093a', 'demo/1521572163474-6864f9cf17ab', 'https://images.unsplash.com/photo-1521572163474-6864f9cf17ab?auto=format&fit=crop&w=800&q=70', 0);
INSERT INTO products (id, seller_id, category_id, title, description, origin_country, price_fcfa, wholesale_price_fcfa, wholesale_min_qty, stock, min_order_qty, status) VALUES ('0c563140-2edd-4ac3-9aaa-0a385fa22488', 'f4462a8b-cb52-441e-8b72-6bc14b3c2881', (SELECT id FROM categories WHERE slug = 'telephones-tablettes'), 'Smartphone Android 6,6" 128 Go', 'Écran 6,6" HD+, 128 Go de stockage, double SIM 4G, batterie 5000 mAh. Garantie boutique 6 mois.', 'Chine', 85000, 79000, 5, 18, 1, 'published');
INSERT INTO product_images (product_id, path, url, position) VALUES ('0c563140-2edd-4ac3-9aaa-0a385fa22488', 'demo/1511707171634-5f897ff02aa9', 'https://images.unsplash.com/photo-1511707171634-5f897ff02aa9?auto=format&fit=crop&w=800&q=70', 0);
INSERT INTO products (id, seller_id, category_id, title, description, origin_country, price_fcfa, wholesale_price_fcfa, wholesale_min_qty, stock, min_order_qty, status) VALUES ('b08af832-ef8e-489b-82b4-82398631c257', 'f4462a8b-cb52-441e-8b72-6bc14b3c2881', (SELECT id FROM categories WHERE slug = 'accessoires-electroniques'), 'Écouteurs Bluetooth sans fil', 'Écouteurs intra-auriculaires Bluetooth 5.3, boîtier de charge, autonomie 24 h, micro intégré.', 'Chine', 12500, 10500, 6, 35, 1, 'published');
INSERT INTO product_images (product_id, path, url, position) VALUES ('b08af832-ef8e-489b-82b4-82398631c257', 'demo/1590658268037-6bf12165a8df', 'https://images.unsplash.com/photo-1590658268037-6bf12165a8df?auto=format&fit=crop&w=800&q=70', 0);
INSERT INTO products (id, seller_id, category_id, title, description, origin_country, price_fcfa, wholesale_price_fcfa, wholesale_min_qty, stock, min_order_qty, status) VALUES ('d6c62f95-5398-4202-bbd7-eb676aaaefd8', 'f4462a8b-cb52-441e-8b72-6bc14b3c2881', (SELECT id FROM categories WHERE slug = 'accessoires-electroniques'), 'Casque audio à réduction de bruit', 'Casque circum-aural Bluetooth, réduction de bruit active, 30 h d''autonomie, pliable.', 'Chine', 22000, NULL, NULL, 14, 1, 'published');
INSERT INTO product_images (product_id, path, url, position) VALUES ('d6c62f95-5398-4202-bbd7-eb676aaaefd8', 'demo/1505740420928-5e560c06d30e', 'https://images.unsplash.com/photo-1505740420928-5e560c06d30e?auto=format&fit=crop&w=800&q=70', 0);
INSERT INTO products (id, seller_id, category_id, title, description, origin_country, price_fcfa, wholesale_price_fcfa, wholesale_min_qty, stock, min_order_qty, status) VALUES ('5f3bb03e-650f-474a-a31f-51f6b0073505', 'f4462a8b-cb52-441e-8b72-6bc14b3c2881', (SELECT id FROM categories WHERE slug = 'accessoires-electroniques'), 'Montre connectée sport', 'Écran AMOLED 1,43", suivi cardio/sommeil, notifications, étanche 5 ATM, bracelet silicone.', 'Chine', 28500, NULL, NULL, 10, 1, 'published');
INSERT INTO product_images (product_id, path, url, position) VALUES ('5f3bb03e-650f-474a-a31f-51f6b0073505', 'demo/1523275335684-37898b6baf30', 'https://images.unsplash.com/photo-1523275335684-37898b6baf30?auto=format&fit=crop&w=800&q=70', 0);
INSERT INTO products (id, seller_id, category_id, title, description, origin_country, price_fcfa, wholesale_price_fcfa, wholesale_min_qty, stock, min_order_qty, status) VALUES ('2cbac691-7f67-438f-ac42-4a754bd04b83', 'f4462a8b-cb52-441e-8b72-6bc14b3c2881', (SELECT id FROM categories WHERE slug = 'accessoires-electroniques'), 'Power bank 20 000 mAh', 'Batterie externe charge rapide 22,5 W, double sortie USB + USB-C, écran de charge LED.', 'Chine', 15000, 12500, 5, 30, 1, 'published');
INSERT INTO product_images (product_id, path, url, position) VALUES ('2cbac691-7f67-438f-ac42-4a754bd04b83', 'demo/1609091839311-d5365f9ff1c5', 'https://images.unsplash.com/photo-1609091839311-d5365f9ff1c5?auto=format&fit=crop&w=800&q=70', 0);
INSERT INTO products (id, seller_id, category_id, title, description, origin_country, price_fcfa, wholesale_price_fcfa, wholesale_min_qty, stock, min_order_qty, status) VALUES ('6d67f5af-2c37-4837-b2fc-2681edf5cb11', 'f4462a8b-cb52-441e-8b72-6bc14b3c2881', (SELECT id FROM categories WHERE slug = 'tv-audio'), 'TV LED 32" HD', 'Téléviseur LED 32 pouces HD, 2 ports HDMI, tuner TNT intégré. Livraison et installation à Lomé.', 'Chine', 95000, NULL, NULL, 8, 1, 'published');
INSERT INTO product_images (product_id, path, url, position) VALUES ('6d67f5af-2c37-4837-b2fc-2681edf5cb11', 'demo/1593359677879-a4bb92f829d1', 'https://images.unsplash.com/photo-1593359677879-a4bb92f829d1?auto=format&fit=crop&w=800&q=70', 0);
INSERT INTO products (id, seller_id, category_id, title, description, origin_country, price_fcfa, wholesale_price_fcfa, wholesale_min_qty, stock, min_order_qty, status) VALUES ('e2802e5a-93b0-4e6a-8bc9-9473a9aa6072', 'f4462a8b-cb52-441e-8b72-6bc14b3c2881', (SELECT id FROM categories WHERE slug = 'ordinateurs'), 'Ordinateur portable 15,6" 8 Go/256 Go', 'PC portable 15,6" FHD, 8 Go RAM, SSD 256 Go, Windows 11 — parfait bureautique et études.', 'Chine', 265000, NULL, NULL, 6, 1, 'published');
INSERT INTO product_images (product_id, path, url, position) VALUES ('e2802e5a-93b0-4e6a-8bc9-9473a9aa6072', 'demo/1496181133206-80ce9b88a853', 'https://images.unsplash.com/photo-1496181133206-80ce9b88a853?auto=format&fit=crop&w=800&q=70', 0);
INSERT INTO products (id, seller_id, category_id, title, description, origin_country, price_fcfa, wholesale_price_fcfa, wholesale_min_qty, stock, min_order_qty, status) VALUES ('f51da289-ec54-48be-99df-ce8512c1f826', 'bce1e995-1e98-4628-9104-ad7c21f5b6cb', (SELECT id FROM categories WHERE slug = 'epicerie'), 'Riz parfumé sac 25 kg', 'Riz long grain parfumé, sac de 25 kg. Prix de gros dès 5 sacs — livraison palette possible.', 'Thaïlande', 18000, 16500, 5, 50, 1, 'published');
INSERT INTO product_images (product_id, path, url, position) VALUES ('f51da289-ec54-48be-99df-ce8512c1f826', 'demo/1586201375761-83865001e31c', 'https://images.unsplash.com/photo-1586201375761-83865001e31c?auto=format&fit=crop&w=800&q=70', 0);
INSERT INTO products (id, seller_id, category_id, title, description, origin_country, price_fcfa, wholesale_price_fcfa, wholesale_min_qty, stock, min_order_qty, status) VALUES ('8d97d269-f21c-4f92-86f6-5ddb0c47e827', 'bce1e995-1e98-4628-9104-ad7c21f5b6cb', (SELECT id FROM categories WHERE slug = 'epicerie'), 'Gari fin de Kpalimé 5 kg', 'Gari blanc extra-fin préparé artisanalement à Kpalimé, sachet hermétique de 5 kg.', 'Togo', 3500, 3000, 10, 45, 1, 'published');
INSERT INTO product_images (product_id, path, url, position) VALUES ('8d97d269-f21c-4f92-86f6-5ddb0c47e827', 'demo/1509440159596-0249088772ff', 'https://images.unsplash.com/photo-1509440159596-0249088772ff?auto=format&fit=crop&w=800&q=70', 0);
INSERT INTO products (id, seller_id, category_id, title, description, origin_country, price_fcfa, wholesale_price_fcfa, wholesale_min_qty, stock, min_order_qty, status) VALUES ('2ac8a395-58a6-424d-aa0e-30eb2dbe049a', 'bce1e995-1e98-4628-9104-ad7c21f5b6cb', (SELECT id FROM categories WHERE slug = 'epicerie'), 'Huile rouge de palme 5 L', 'Huile de palme rouge naturelle du Togo, bidon de 5 litres, pressée artisanalement.', 'Togo', 6500, 5800, 6, 30, 1, 'published');
INSERT INTO product_images (product_id, path, url, position) VALUES ('2ac8a395-58a6-424d-aa0e-30eb2dbe049a', 'demo/1474979266404-7eaacbcd87c5', 'https://images.unsplash.com/photo-1474979266404-7eaacbcd87c5?auto=format&fit=crop&w=800&q=70', 0);
INSERT INTO products (id, seller_id, category_id, title, description, origin_country, price_fcfa, wholesale_price_fcfa, wholesale_min_qty, stock, min_order_qty, status) VALUES ('9d817f5b-7e63-4869-9636-2a297430e7ec', 'bce1e995-1e98-4628-9104-ad7c21f5b6cb', (SELECT id FROM categories WHERE slug = 'epicerie'), 'Piment moulu & épices 500 g', 'Mélange maison : piment fort séché, gingembre, ail et épices moulus. Sachet 500 g.', 'Togo', 2000, NULL, NULL, 60, 1, 'published');
INSERT INTO product_images (product_id, path, url, position) VALUES ('9d817f5b-7e63-4869-9636-2a297430e7ec', 'demo/1596040033229-a9821ebd058d', 'https://images.unsplash.com/photo-1596040033229-a9821ebd058d?auto=format&fit=crop&w=800&q=70', 0);
INSERT INTO products (id, seller_id, category_id, title, description, origin_country, price_fcfa, wholesale_price_fcfa, wholesale_min_qty, stock, min_order_qty, status) VALUES ('0a41be51-0b22-45d8-9d5d-d93b8cba9ae2', 'bce1e995-1e98-4628-9104-ad7c21f5b6cb', (SELECT id FROM categories WHERE slug = 'epicerie'), 'Miel naturel des plateaux 1 L', 'Miel pur récolté sur les plateaux de Danyi, non chauffé, non filtré. Pot d''un litre.', 'Togo', 4500, NULL, NULL, 20, 1, 'published');
INSERT INTO product_images (product_id, path, url, position) VALUES ('0a41be51-0b22-45d8-9d5d-d93b8cba9ae2', 'demo/1587049352846-4a222e784d38', 'https://images.unsplash.com/photo-1587049352846-4a222e784d38?auto=format&fit=crop&w=800&q=70', 0);
INSERT INTO products (id, seller_id, category_id, title, description, origin_country, price_fcfa, wholesale_price_fcfa, wholesale_min_qty, stock, min_order_qty, status) VALUES ('a685a953-e578-422a-b4a0-675c8de45092', 'bce1e995-1e98-4628-9104-ad7c21f5b6cb', (SELECT id FROM categories WHERE slug = 'boissons'), 'Jus de bissap frais — pack de 6', 'Jus d''hibiscus maison légèrement gingembré, bouteilles de 50 cl. Pack de 6, à garder au frais.', 'Togo', 3000, 2500, 4, 25, 1, 'published');
INSERT INTO product_images (product_id, path, url, position) VALUES ('a685a953-e578-422a-b4a0-675c8de45092', 'demo/1544145945-f90425340c7e', 'https://images.unsplash.com/photo-1544145945-f90425340c7e?auto=format&fit=crop&w=800&q=70', 0);
INSERT INTO products (id, seller_id, category_id, title, description, origin_country, price_fcfa, wholesale_price_fcfa, wholesale_min_qty, stock, min_order_qty, status) VALUES ('8629d090-9079-447e-81bc-cf7be3b69573', '65d4e506-04f3-4b39-aeb7-a0ff3629687e', (SELECT id FROM categories WHERE slug = 'meubles'), 'Canapé 3 places tissu', 'Canapé 3 places structure bois massif, coussins déhoussables, tissu anti-taches. Fabriqué à Lomé.', 'Togo', 185000, NULL, NULL, 4, 1, 'published');
INSERT INTO product_images (product_id, path, url, position) VALUES ('8629d090-9079-447e-81bc-cf7be3b69573', 'demo/1555041469-a586c61ea9bc', 'https://images.unsplash.com/photo-1555041469-a586c61ea9bc?auto=format&fit=crop&w=800&q=70', 0);
INSERT INTO products (id, seller_id, category_id, title, description, origin_country, price_fcfa, wholesale_price_fcfa, wholesale_min_qty, stock, min_order_qty, status) VALUES ('ec4b6c54-1315-4a22-9f2d-9bb4d44b834b', '65d4e506-04f3-4b39-aeb7-a0ff3629687e', (SELECT id FROM categories WHERE slug = 'decoration'), 'Lampe de table en raphia', 'Lampe artisanale, abat-jour en raphia tressé, pied bois. Lumière chaude, douille E27.', 'Togo', 14500, NULL, NULL, 12, 1, 'published');
INSERT INTO product_images (product_id, path, url, position) VALUES ('ec4b6c54-1315-4a22-9f2d-9bb4d44b834b', 'demo/1507473885765-e6ed057f782c', 'https://images.unsplash.com/photo-1507473885765-e6ed057f782c?auto=format&fit=crop&w=800&q=70', 0);
INSERT INTO products (id, seller_id, category_id, title, description, origin_country, price_fcfa, wholesale_price_fcfa, wholesale_min_qty, stock, min_order_qty, status) VALUES ('7e9d1778-60eb-4ea6-bdd0-0f525e54bacf', '65d4e506-04f3-4b39-aeb7-a0ff3629687e', (SELECT id FROM categories WHERE slug = 'ustensiles-cuisine'), 'Batterie de cuisine 12 pièces', 'Set de 12 pièces en inox : marmites, faitouts et poêles, fonds épais compatibles tous feux.', 'Chine', 32000, 28000, 3, 15, 1, 'published');
INSERT INTO product_images (product_id, path, url, position) VALUES ('7e9d1778-60eb-4ea6-bdd0-0f525e54bacf', 'demo/1556911220-bff31c812dba', 'https://images.unsplash.com/photo-1556911220-bff31c812dba?auto=format&fit=crop&w=800&q=70', 0);
INSERT INTO products (id, seller_id, category_id, title, description, origin_country, price_fcfa, wholesale_price_fcfa, wholesale_min_qty, stock, min_order_qty, status) VALUES ('eb790749-a58a-4a36-94e7-6557a7270c2d', '65d4e506-04f3-4b39-aeb7-a0ff3629687e', (SELECT id FROM categories WHERE slug = 'electromenager'), 'Ventilateur sur pied 16"', 'Ventilateur oscillant 3 vitesses, hauteur réglable, grille de sécurité. Indispensable à Lomé.', 'Chine', 24000, 21000, 4, 22, 1, 'published');
INSERT INTO product_images (product_id, path, url, position) VALUES ('eb790749-a58a-4a36-94e7-6557a7270c2d', 'demo/1594736797933-d0501ba2fe65', 'https://images.unsplash.com/photo-1594736797933-d0501ba2fe65?auto=format&fit=crop&w=800&q=70', 0);
INSERT INTO products (id, seller_id, category_id, title, description, origin_country, price_fcfa, wholesale_price_fcfa, wholesale_min_qty, stock, min_order_qty, status) VALUES ('e3a8843d-1616-44ea-86aa-a19927360a0f', '65d4e506-04f3-4b39-aeb7-a0ff3629687e', (SELECT id FROM categories WHERE slug = 'electromenager'), 'Blender 1,5 L 400 W', 'Mixeur bol verre 1,5 L, 2 vitesses + pulse, lames inox — jus, bouillies et sauces en un geste.', 'Chine', 18500, NULL, NULL, 16, 1, 'published');
INSERT INTO product_images (product_id, path, url, position) VALUES ('e3a8843d-1616-44ea-86aa-a19927360a0f', 'demo/1570222094114-d054a817e56b', 'https://images.unsplash.com/photo-1570222094114-d054a817e56b?auto=format&fit=crop&w=800&q=70', 0);
INSERT INTO products (id, seller_id, category_id, title, description, origin_country, price_fcfa, wholesale_price_fcfa, wholesale_min_qty, stock, min_order_qty, status) VALUES ('bee57009-355c-4142-9a70-7954a13e11e5', '65d4e506-04f3-4b39-aeb7-a0ff3629687e', (SELECT id FROM categories WHERE slug = 'cosmetiques'), 'Beurre de karité pur 500 g', 'Beurre de karité 100 % naturel des groupements de femmes de la Kara. Pot de 500 g, non raffiné.', 'Togo', 3000, 2500, 10, 50, 1, 'published');
INSERT INTO product_images (product_id, path, url, position) VALUES ('bee57009-355c-4142-9a70-7954a13e11e5', 'demo/1556228453-efd6c1ff04f6', 'https://images.unsplash.com/photo-1556228453-efd6c1ff04f6?auto=format&fit=crop&w=800&q=70', 0);
INSERT INTO products (id, seller_id, category_id, title, description, origin_country, price_fcfa, wholesale_price_fcfa, wholesale_min_qty, stock, min_order_qty, status) VALUES ('e0bcc2d7-7ca9-45bc-a0b1-7798138083b9', '65d4e506-04f3-4b39-aeb7-a0ff3629687e', (SELECT id FROM categories WHERE slug = 'hygiene'), 'Savon noir artisanal — lot de 3', 'Savon noir traditionnel (alata simena) aux huiles végétales, lot de 3 pains de 150 g.', 'Togo', 1500, 1200, 12, 60, 1, 'published');
INSERT INTO product_images (product_id, path, url, position) VALUES ('e0bcc2d7-7ca9-45bc-a0b1-7798138083b9', 'demo/1600857544200-b2f666a9a2ec', 'https://images.unsplash.com/photo-1600857544200-b2f666a9a2ec?auto=format&fit=crop&w=800&q=70', 0);
INSERT INTO products (id, seller_id, category_id, title, description, origin_country, price_fcfa, wholesale_price_fcfa, wholesale_min_qty, stock, min_order_qty, status) VALUES ('09b4170f-01ab-462b-aa8e-5ab135c2dba1', '65d4e506-04f3-4b39-aeb7-a0ff3629687e', (SELECT id FROM categories WHERE slug = 'parfums'), 'Eau de toilette « Nuit d''Afrique » 100 ml', 'Eau de toilette boisée-ambrée, flacon 100 ml. Tenue longue durée, coffret cadeau offert.', 'France', 13500, NULL, NULL, 18, 1, 'published');
INSERT INTO product_images (product_id, path, url, position) VALUES ('09b4170f-01ab-462b-aa8e-5ab135c2dba1', 'demo/1541643600914-78b084683601', 'https://images.unsplash.com/photo-1541643600914-78b084683601?auto=format&fit=crop&w=800&q=70', 0);
INSERT INTO products (id, seller_id, category_id, title, description, origin_country, price_fcfa, wholesale_price_fcfa, wholesale_min_qty, stock, min_order_qty, status) VALUES ('1ab956cd-74b5-4e11-8b46-f0edf0154e8d', '33e5200d-d4d7-41b5-b58f-bda1e8c8ff49', (SELECT id FROM categories WHERE slug = 'equipement-sportif'), 'Ballon de football taille 5', 'Ballon cousu machine taille 5, vessie butyle, adapté terrains durs des quartiers.', 'Pakistan', 8500, 7000, 6, 30, 1, 'published');
INSERT INTO product_images (product_id, path, url, position) VALUES ('1ab956cd-74b5-4e11-8b46-f0edf0154e8d', 'demo/1579952363873-27f3bade9f55', 'https://images.unsplash.com/photo-1579952363873-27f3bade9f55?auto=format&fit=crop&w=800&q=70', 0);
INSERT INTO products (id, seller_id, category_id, title, description, origin_country, price_fcfa, wholesale_price_fcfa, wholesale_min_qty, stock, min_order_qty, status) VALUES ('7c0c2641-630c-4503-a429-e26f15a8ac0a', '33e5200d-d4d7-41b5-b58f-bda1e8c8ff49', (SELECT id FROM categories WHERE slug = 'equipement-sportif'), 'Baskets running homme', 'Chaussures de course légères, semelle amortissante, mesh respirant. Pointures 40-46.', 'Chine', 26000, NULL, NULL, 20, 1, 'published');
INSERT INTO product_images (product_id, path, url, position) VALUES ('7c0c2641-630c-4503-a429-e26f15a8ac0a', 'demo/1542291026-7eec264c27ff', 'https://images.unsplash.com/photo-1542291026-7eec264c27ff?auto=format&fit=crop&w=800&q=70', 0);
INSERT INTO products (id, seller_id, category_id, title, description, origin_country, price_fcfa, wholesale_price_fcfa, wholesale_min_qty, stock, min_order_qty, status) VALUES ('8e0b0c8e-91d7-4a2f-a1be-27e97dbe987a', '33e5200d-d4d7-41b5-b58f-bda1e8c8ff49', (SELECT id FROM categories WHERE slug = 'equipement-sportif'), 'Vélo VTT 26" 21 vitesses', 'VTT cadre acier 26 pouces, 21 vitesses Shimano, freins V-brake, porte-bagages inclus.', 'Chine', 145000, NULL, NULL, 5, 1, 'published');
INSERT INTO product_images (product_id, path, url, position) VALUES ('8e0b0c8e-91d7-4a2f-a1be-27e97dbe987a', 'demo/1485965120184-e220f721d03e', 'https://images.unsplash.com/photo-1485965120184-e220f721d03e?auto=format&fit=crop&w=800&q=70', 0);
INSERT INTO products (id, seller_id, category_id, title, description, origin_country, price_fcfa, wholesale_price_fcfa, wholesale_min_qty, stock, min_order_qty, status) VALUES ('629578f5-a352-4fd4-84dc-c77167ad4a9e', '33e5200d-d4d7-41b5-b58f-bda1e8c8ff49', (SELECT id FROM categories WHERE slug = 'accessoires-moto'), 'Casque moto intégral homologué', 'Casque intégral homologué, visière anti-rayures, mousses démontables. Tailles M à XL.', 'Chine', 18000, 15500, 4, 15, 1, 'published');
INSERT INTO product_images (product_id, path, url, position) VALUES ('629578f5-a352-4fd4-84dc-c77167ad4a9e', 'demo/1591637333184-19aa84b3e01f', 'https://images.unsplash.com/photo-1591637333184-19aa84b3e01f?auto=format&fit=crop&w=800&q=70', 0);
INSERT INTO products (id, seller_id, category_id, title, description, origin_country, price_fcfa, wholesale_price_fcfa, wholesale_min_qty, stock, min_order_qty, status) VALUES ('77974f35-303c-4234-a1e3-1d8a4def2bf2', '33e5200d-d4d7-41b5-b58f-bda1e8c8ff49', (SELECT id FROM categories WHERE slug = 'pneus-batteries'), 'Pneu moto 90/90-17 renforcé', 'Pneu arrière renforcé 90/90-17 pour taxis-motos, gomme dure longue durée, tubeless.', 'Chine', 16500, 14500, 4, 24, 1, 'published');
INSERT INTO product_images (product_id, path, url, position) VALUES ('77974f35-303c-4234-a1e3-1d8a4def2bf2', 'demo/1558618666-fcd25c85cd64', 'https://images.unsplash.com/photo-1558618666-fcd25c85cd64?auto=format&fit=crop&w=800&q=70', 0);
INSERT INTO products (id, seller_id, category_id, title, description, origin_country, price_fcfa, wholesale_price_fcfa, wholesale_min_qty, stock, min_order_qty, status) VALUES ('3d2201ef-76e2-4544-a308-ec361e4faec4', '33e5200d-d4d7-41b5-b58f-bda1e8c8ff49', (SELECT id FROM categories WHERE slug = 'jouets'), 'Jeu de construction en bois 80 pièces', 'Blocs de construction en bois peint non toxique, 80 pièces, dès 3 ans. Sac de rangement inclus.', 'Chine', 7500, NULL, NULL, 18, 1, 'published');
INSERT INTO product_images (product_id, path, url, position) VALUES ('3d2201ef-76e2-4544-a308-ec361e4faec4', 'demo/1587654780291-39c9404d746b', 'https://images.unsplash.com/photo-1587654780291-39c9404d746b?auto=format&fit=crop&w=800&q=70', 0);
INSERT INTO products (id, seller_id, category_id, title, description, origin_country, price_fcfa, wholesale_price_fcfa, wholesale_min_qty, stock, min_order_qty, status) VALUES ('89f40ac9-31a9-4248-8b90-dc9aed10da3b', '33e5200d-d4d7-41b5-b58f-bda1e8c8ff49', (SELECT id FROM categories WHERE slug = 'puericulture'), 'Kit biberons anti-coliques (x3)', 'Trois biberons 260 ml anti-coliques sans BPA, tétines débit variable, goupillon offert.', 'Chine', 5500, NULL, NULL, 22, 1, 'published');
INSERT INTO product_images (product_id, path, url, position) VALUES ('89f40ac9-31a9-4248-8b90-dc9aed10da3b', 'demo/1544126592-807ade215a0b', 'https://images.unsplash.com/photo-1544126592-807ade215a0b?auto=format&fit=crop&w=800&q=70', 0);
INSERT INTO products (id, seller_id, category_id, title, description, origin_country, price_fcfa, wholesale_price_fcfa, wholesale_min_qty, stock, min_order_qty, status) VALUES ('003654ca-0afa-443b-ac71-747c36133674', '33e5200d-d4d7-41b5-b58f-bda1e8c8ff49', (SELECT id FROM categories WHERE slug = 'vetements-enfants'), 'Ensemble enfant wax 2 pièces', 'Ensemble haut + short en wax pour enfants de 2 à 8 ans, coutures renforcées, couleurs vives.', 'Togo', 6500, 5500, 6, 25, 1, 'published');
INSERT INTO product_images (product_id, path, url, position) VALUES ('003654ca-0afa-443b-ac71-747c36133674', 'demo/1522771930-78848d9293e8', 'https://images.unsplash.com/photo-1522771930-78848d9293e8?auto=format&fit=crop&w=800&q=70', 0);
COMMIT;
